"Tanggal","Terakhir","Pembukaan","Tertinggi","Terendah","Vol.","Perubahan%"
"18/06/2025","1.595","1.600","1.605","1.590","189,60K","0,00%"
"17/06/2025","1.595","1.580","1.600","1.580","276,00K","0,95%"
"16/06/2025","1.580","1.560","1.590","1.555","155,60K","1,28%"
"13/06/2025","1.560","1.565","1.570","1.550","353,10K","0,00%"
"12/06/2025","1.560","1.565","1.570","1.555","339,10K","0,65%"
"11/06/2025","1.550","1.565","1.565","1.550","312,10K","-0,96%"
"10/06/2025","1.565","1.595","1.595","1.555","308,70K","0,32%"
"05/06/2025","1.560","1.580","1.605","1.560","161,30K","-0,32%"
"04/06/2025","1.565","1.580","1.585","1.560","79,10K","-0,63%"
"03/06/2025","1.575","1.590","1.590","1.570","200,80K","-0,94%"
"02/06/2025","1.590","1.615","1.615","1.575","231,40K","-1,24%"
"28/05/2025","1.610","1.610","1.615","1.590","166,50K","-0,31%"
"27/05/2025","1.615","1.625","1.625","1.610","76,80K","-0,31%"
"26/05/2025","1.620","1.615","1.625","1.610","48,40K","0,62%"
"23/05/2025","1.610","1.605","1.615","1.605","44,90K","0,31%"
"22/05/2025","1.605","1.605","1.615","1.600","96,60K","0,00%"
"21/05/2025","1.605","1.610","1.625","1.600","42,90K","-0,31%"
"20/05/2025","1.610","1.600","1.625","1.600","65,60K","1,26%"
"19/05/2025","1.590","1.570","1.745","1.570","568,20K","1,27%"
"16/05/2025","1.570","1.555","1.570","1.545","134,30K","0,96%"
"15/05/2025","1.555","1.535","1.560","1.530","148,40K","1,30%"
"14/05/2025","1.535","1.530","1.540","1.520","181,70K","0,66%"
"09/05/2025","1.525","1.495","1.525","1.485","121,50K","0,99%"
"08/05/2025","1.510","1.515","1.550","1.485","84,70K","-0,33%"
"07/05/2025","1.515","1.475","1.515","1.475","84,60K","1,68%"
"06/05/2025","1.490","1.465","1.495","1.465","38,80K","2,05%"
"05/05/2025","1.460","1.480","1.510","1.445","404,10K","-1,35%"
"02/05/2025","1.480","1.510","1.525","1.460","505,30K","-1,99%"
"30/04/2025","1.510","1.525","1.525","1.495","50,80K","-0,98%"
"29/04/2025","1.525","1.525","1.530","1.490","256,90K","-2,56%"
"28/04/2025","1.565","1.565","1.595","1.535","76,80K","0,32%"
"25/04/2025","1.560","1.550","1.560","1.530","51,80K","1,96%"
"24/04/2025","1.530","1.500","1.555","1.500","54,30K","1,32%"
"23/04/2025","1.510","1.480","1.510","1.475","96,70K","2,03%"
"22/04/2025","1.480","1.500","1.500","1.480","67,60K","0,34%"
"21/04/2025","1.475","1.495","1.505","1.450","56,60K","-1,34%"
"17/04/2025","1.495","1.500","1.500","1.480","15,40K","-0,33%"
"16/04/2025","1.500","1.415","1.500","1.400","60,70K","1,35%"
"15/04/2025","1.480","1.440","1.495","1.440","66,80K","3,50%"
"14/04/2025","1.430","1.425","1.470","1.410","97,40K","0,35%"
"11/04/2025","1.425","1.430","1.435","1.400","16,00K","-0,35%"
"10/04/2025","1.430","1.385","1.430","1.385","15,40K","3,25%"
"09/04/2025","1.385","1.365","1.405","1.355","90,20K","1,47%"
"08/04/2025","1.365","1.435","1.440","1.350","162,10K","-6,51%"
"27/03/2025","1.460","1.465","1.485","1.455","34,60K","1,04%"
"26/03/2025","1.445","1.435","1.490","1.410","141,30K","0,70%"
"25/03/2025","1.435","1.445","1.445","1.430","33,90K","-0,69%"
"24/03/2025","1.445","1.505","1.505","1.430","55,90K","-1,70%"
"21/03/2025","1.470","1.500","1.500","1.450","49,50K","-1,67%"
"20/03/2025","1.495","1.480","1.525","1.480","3,40K","1,36%"
"19/03/2025","1.475","1.475","1.480","1.440","25,70K","0,00%"
"18/03/2025","1.475","1.485","1.500","1.445","105,80K","-1,01%"
"17/03/2025","1.490","1.500","1.510","1.485","26,20K","-0,67%"
"14/03/2025","1.500","1.495","1.505","1.485","7,20K","0,67%"
"13/03/2025","1.490","1.490","1.530","1.490","53,70K","0,34%"
"12/03/2025","1.485","1.500","1.500","1.475","26,70K","-0,67%"
"11/03/2025","1.495","1.505","1.505","1.495","7,10K","-1,32%"
"10/03/2025","1.515","1.525","1.535","1.510","9,50K","1,00%"
"07/03/2025","1.500","1.530","1.530","1.495","59,70K","0,33%"
"06/03/2025","1.495","1.505","1.505","1.490","16,20K","0,00%"
"05/03/2025","1.495","1.505","1.505","1.480","32,30K","-0,66%"
"04/03/2025","1.505","1.510","1.510","1.480","24,10K","1,01%"
"03/03/2025","1.490","1.465","1.525","1.445","112,00K","2,76%"
"28/02/2025","1.450","1.505","1.510","1.450","209,20K","-3,65%"
"27/02/2025","1.505","1.525","1.525","1.500","60,90K","-1,63%"
"26/02/2025","1.530","1.535","1.540","1.510","48,50K","-0,33%"
"25/02/2025","1.535","1.550","1.550","1.535","49,60K","-0,97%"
"24/02/2025","1.550","1.545","1.565","1.520","66,40K","0,00%"
"21/02/2025","1.550","1.580","1.580","1.530","325,90K","-1,90%"
"20/02/2025","1.580","1.620","1.620","1.575","178,10K","-1,56%"
"19/02/2025","1.605","1.605","1.615","1.600","11,60K","0,00%"
"18/02/2025","1.605","1.615","1.620","1.605","115,80K","0,00%"
"17/02/2025","1.605","1.600","1.605","1.595","9,50K","0,31%"
"14/02/2025","1.600","1.600","1.600","1.585","30,70K","0,31%"
"13/02/2025","1.595","1.595","1.605","1.590","6,00K","0,31%"
"12/02/2025","1.590","1.590","1.590","1.580","22,60K","0,00%"
"11/02/2025","1.590","1.595","1.605","1.580","64,80K","-0,31%"
"10/02/2025","1.595","1.605","1.605","1.595","41,80K","-0,62%"
"07/02/2025","1.605","1.600","1.605","1.600","14,20K","0,31%"
"06/02/2025","1.600","1.620","1.620","1.600","44,40K","-0,93%"
"05/02/2025","1.615","1.615","1.615","1.605","114,00K","0,31%"
"04/02/2025","1.610","1.615","1.615","1.605","15,00K","0,00%"
"03/02/2025","1.610","1.615","1.620","1.610","72,80K","-0,31%"
"31/01/2025","1.615","1.610","1.615","1.610","71,80K","0,62%"
"30/01/2025","1.605","1.615","1.615","1.605","38,10K","-0,62%"
"24/01/2025","1.615","1.610","1.615","1.605","16,50K","0,00%"
"23/01/2025","1.615","1.610","1.620","1.610","20,40K","0,62%"
"22/01/2025","1.605","1.620","1.620","1.600","78,10K","-0,93%"
"21/01/2025","1.620","1.605","1.620","1.605","11,50K","0,93%"
"20/01/2025","1.605","1.610","1.620","1.595","128,20K","0,00%"
"17/01/2025","1.605","1.620","1.620","1.600","16,20K","-0,31%"
"16/01/2025","1.610","1.605","1.620","1.600","24,00K","0,31%"
"15/01/2025","1.605","1.620","1.620","1.590","44,30K","0,00%"
"14/01/2025","1.605","1.600","1.605","1.575","66,30K","0,63%"
"13/01/2025","1.595","1.620","1.620","1.585","69,60K","-0,93%"
"10/01/2025","1.610","1.590","1.620","1.590","26,60K","1,26%"
"09/01/2025","1.590","1.595","1.595","1.585","11,70K","0,32%"
"08/01/2025","1.585","1.590","1.595","1.585","73,50K","0,00%"
"07/01/2025","1.585","1.600","1.610","1.580","149,80K","-0,94%"
"06/01/2025","1.600","1.610","1.615","1.590","53,20K","-0,62%"
"03/01/2025","1.610","1.615","1.615","1.605","13,60K","0,00%"
"02/01/2025","1.610","1.605","1.615","1.600","34,20K","0,31%"
"30/12/2024","1.605","1.605","1.605","1.590","28,40K","0,00%"
"27/12/2024","1.605","1.600","1.605","1.585","24,70K","0,63%"
"24/12/2024","1.595","1.590","1.600","1.590","27,10K","0,00%"
"23/12/2024","1.595","1.585","1.600","1.585","21,30K","0,63%"
"20/12/2024","1.585","1.590","1.590","1.580","80,40K","-0,31%"
"19/12/2024","1.590","1.605","1.605","1.555","249,50K","-0,93%"
"18/12/2024","1.605","1.605","1.625","1.575","390,30K","0,00%"
"17/12/2024","1.605","1.610","1.635","1.605","38,60K","0,00%"
"16/12/2024","1.605","1.620","1.625","1.605","371,60K","-0,93%"
"13/12/2024","1.620","1.635","1.635","1.620","56,90K","-0,31%"
"12/12/2024","1.625","1.635","1.635","1.620","14,10K","-0,31%"
"11/12/2024","1.630","1.640","1.640","1.620","124,00K","-0,31%"
"10/12/2024","1.635","1.630","1.635","1.625","33,10K","0,31%"
"09/12/2024","1.630","1.635","1.640","1.625","54,00K","-0,61%"
"06/12/2024","1.640","1.630","1.640","1.630","20,50K","0,31%"
"05/12/2024","1.635","1.640","1.640","1.625","18,20K","-0,30%"
"04/12/2024","1.640","1.640","1.645","1.635","34,60K","0,31%"
"03/12/2024","1.635","1.620","1.635","1.620","52,70K","0,62%"
"02/12/2024","1.625","1.640","1.640","1.620","40,80K","0,00%"
"29/11/2024","1.625","1.625","1.630","1.620","53,50K","-0,61%"
"28/11/2024","1.635","1.630","1.640","1.625","33,80K","0,62%"
"26/11/2024","1.625","1.635","1.635","1.625","29,30K","-0,61%"
"25/11/2024","1.635","1.625","1.645","1.620","32,10K","0,93%"
"22/11/2024","1.620","1.635","1.645","1.620","201,70K","-0,92%"
"21/11/2024","1.635","1.650","1.650","1.630","89,40K","-0,61%"
"20/11/2024","1.645","1.645","1.645","1.630","88,60K","0,00%"
"19/11/2024","1.645","1.630","1.655","1.630","82,80K","0,92%"
"18/11/2024","1.630","1.660","1.660","1.630","218,80K","-1,81%"
"15/11/2024","1.660","1.650","1.660","1.635","349,70K","0,61%"
"14/11/2024","1.650","1.655","1.655","1.640","290,50K","-0,30%"
"13/11/2024","1.655","1.655","1.655","1.640","201,90K","0,00%"
"12/11/2024","1.655","1.655","1.665","1.630","252,50K","0,00%"
"11/11/2024","1.655","1.670","1.670","1.625","302,80K","-0,90%"
"08/11/2024","1.670","1.635","1.670","1.625","563,90K","2,45%"
"07/11/2024","1.630","1.645","1.655","1.630","161,90K","-0,91%"
"06/11/2024","1.645","1.640","1.665","1.640","430,90K","0,30%"
"05/11/2024","1.640","1.650","1.660","1.640","92,90K","0,00%"
"04/11/2024","1.640","1.655","1.660","1.640","140,20K","-0,91%"
"01/11/2024","1.655","1.670","1.670","1.620","248,90K","-0,30%"
"31/10/2024","1.660","1.670","1.680","1.650","140,20K","-0,60%"
"30/10/2024","1.670","1.625","1.685","1.625","601,70K","2,45%"
"29/10/2024","1.630","1.625","1.645","1.625","86,10K","0,31%"
"28/10/2024","1.625","1.650","1.650","1.625","227,00K","-1,52%"
"25/10/2024","1.650","1.635","1.655","1.635","124,90K","0,92%"
"24/10/2024","1.635","1.640","1.650","1.635","18,80K","0,00%"
"23/10/2024","1.635","1.640","1.650","1.630","52,50K","0,00%"
"22/10/2024","1.635","1.645","1.645","1.630","70,10K","-0,30%"
"21/10/2024","1.640","1.650","1.650","1.630","74,80K","0,61%"
"18/10/2024","1.630","1.635","1.650","1.630","27,00K","-0,31%"
"17/10/2024","1.635","1.635","1.640","1.615","27,00K","0,00%"
"16/10/2024","1.635","1.640","1.640","1.615","50,60K","-0,30%"
"15/10/2024","1.640","1.645","1.660","1.630","47,00K","-0,30%"
"14/10/2024","1.645","1.655","1.660","1.635","29,30K","-0,60%"
"11/10/2024","1.655","1.655","1.665","1.645","159,70K","0,00%"
"10/10/2024","1.655","1.635","1.660","1.630","255,30K","1,53%"
"09/10/2024","1.630","1.630","1.635","1.620","109,20K","0,00%"
"08/10/2024","1.630","1.625","1.630","1.610","99,00K","0,62%"
"07/10/2024","1.620","1.620","1.625","1.615","170,00K","0,00%"
"04/10/2024","1.620","1.620","1.620","1.605","45,60K","0,00%"
"03/10/2024","1.620","1.625","1.625","1.610","40,10K","0,31%"
"02/10/2024","1.615","1.610","1.625","1.610","67,70K","0,31%"
"01/10/2024","1.610","1.620","1.625","1.600","166,20K","0,31%"
"30/09/2024","1.605","1.620","1.620","1.600","133,80K","-0,93%"
"27/09/2024","1.620","1.610","1.620","1.610","283,50K","1,25%"
"26/09/2024","1.600","1.635","1.640","1.600","566,50K","-2,14%"
"25/09/2024","1.635","1.625","1.640","1.625","352,90K","0,62%"
"24/09/2024","1.625","1.620","1.630","1.620","102,30K","0,31%"
"23/09/2024","1.620","1.625","1.625","1.610","111,80K","-0,31%"
"20/09/2024","1.625","1.620","1.630","1.615","145,90K","0,31%"
"19/09/2024","1.620","1.620","1.620","1.605","113,30K","0,31%"
"18/09/2024","1.615","1.605","1.620","1.605","210,50K","0,31%"
"17/09/2024","1.610","1.595","1.615","1.595","136,90K","0,63%"
"13/09/2024","1.600","1.610","1.620","1.595","407,50K","-0,62%"
"12/09/2024","1.610","1.610","1.620","1.595","421,10K","0,00%"
"11/09/2024","1.610","1.615","1.615","1.605","138,50K","0,00%"
"10/09/2024","1.610","1.620","1.620","1.605","79,50K","0,00%"
"09/09/2024","1.610","1.605","1.615","1.605","86,40K","-0,31%"
"06/09/2024","1.615","1.610","1.625","1.605","118,70K","0,31%"
"05/09/2024","1.610","1.610","1.620","1.605","45,70K","0,00%"
"04/09/2024","1.610","1.610","1.610","1.600","58,00K","0,00%"
"03/09/2024","1.610","1.605","1.620","1.605","212,40K","0,31%"
"02/09/2024","1.605","1.615","1.620","1.605","427,00K","-0,62%"
"30/08/2024","1.615","1.650","1.650","1.615","533,00K","-1,22%"
"29/08/2024","1.635","1.625","1.660","1.625","727,80K","1,55%"
"28/08/2024","1.610","1.620","1.620","1.610","78,20K","-0,31%"
"27/08/2024","1.615","1.610","1.620","1.605","67,10K","0,31%"
"26/08/2024","1.610","1.600","1.620","1.600","246,70K","0,94%"
"23/08/2024","1.595","1.615","1.630","1.595","703,80K","-0,93%"
"22/08/2024","1.610","1.620","1.620","1.600","150,50K","-0,62%"
"21/08/2024","1.620","1.615","1.630","1.615","100,50K","0,62%"
"20/08/2024","1.610","1.610","1.615","1.605","108,50K","0,31%"
"19/08/2024","1.605","1.605","1.610","1.600","64,30K","0,00%"
"16/08/2024","1.605","1.600","1.605","1.595","77,20K","0,31%"
"15/08/2024","1.600","1.600","1.605","1.595","72,00K","0,00%"
"14/08/2024","1.600","1.600","1.605","1.595","58,50K","0,31%"
"13/08/2024","1.595","1.600","1.600","1.590","120,20K","0,00%"
"12/08/2024","1.595","1.600","1.605","1.590","83,60K","-0,31%"
"09/08/2024","1.600","1.590","1.605","1.590","86,20K","0,63%"
"08/08/2024","1.590","1.585","1.600","1.585","51,80K","0,32%"
"07/08/2024","1.585","1.580","1.585","1.580","95,60K","0,32%"
"06/08/2024","1.580","1.575","1.600","1.560","180,50K","0,32%"
"05/08/2024","1.575","1.605","1.605","1.565","515,30K","-1,87%"
"02/08/2024","1.605","1.605","1.610","1.600","146,30K","0,00%"
"01/08/2024","1.605","1.625","1.625","1.575","295,90K","-0,62%"
"31/07/2024","1.615","1.660","1.665","1.570","1,86M","-2,71%"
"30/07/2024","1.660","1.665","1.670","1.655","125,10K","0,00%"
"29/07/2024","1.660","1.660","1.670","1.645","207,50K","0,00%"
"26/07/2024","1.660","1.665","1.665","1.655","221,50K","0,00%"
"25/07/2024","1.660","1.670","1.670","1.655","342,60K","0,00%"
"24/07/2024","1.660","1.670","1.670","1.655","181,90K","-0,60%"
"23/07/2024","1.670","1.670","1.675","1.665","140,70K","0,00%"
"22/07/2024","1.670","1.660","1.670","1.660","315,90K","0,60%"
"19/07/2024","1.660","1.660","1.665","1.655","173,40K","0,30%"
"18/07/2024","1.655","1.665","1.665","1.650","199,00K","0,00%"
"17/07/2024","1.655","1.665","1.670","1.655","198,90K","-0,60%"
"16/07/2024","1.665","1.655","1.670","1.655","133,10K","0,60%"
"15/07/2024","1.655","1.655","1.665","1.650","257,70K","0,00%"
"12/07/2024","1.655","1.650","1.660","1.640","153,60K","0,61%"
"11/07/2024","1.645","1.645","1.655","1.640","291,20K","0,00%"
"10/07/2024","1.645","1.645","1.655","1.635","196,80K","0,00%"
"09/07/2024","1.645","1.660","1.660","1.610","627,30K","-0,30%"
"08/07/2024","1.650","1.645","1.660","1.635","422,90K","0,61%"
"05/07/2024","1.640","1.660","1.665","1.635","637,90K","-0,91%"
"04/07/2024","1.655","1.630","1.680","1.615","1,19M","1,22%"
"03/07/2024","1.635","1.700","1.700","1.630","1,48M","-3,54%"
"02/07/2024","1.695","1.765","1.765","1.680","2,34M","-10,55%"
"01/07/2024","1.895","1.880","1.900","1.875","3,20M","1,07%"
"28/06/2024","1.875","1.860","1.900","1.860","1,72M","0,81%"
"27/06/2024","1.860","1.820","1.870","1.820","1,59M","2,48%"
"26/06/2024","1.815","1.750","1.815","1.750","1,19M","3,71%"
"25/06/2024","1.750","1.760","1.775","1.740","224,80K","-1,13%"
"24/06/2024","1.770","1.725","1.800","1.725","893,30K","2,91%"
"21/06/2024","1.720","1.685","1.730","1.685","847,10K","2,08%"
"20/06/2024","1.685","1.680","1.685","1.675","35,00K","0,30%"
"19/06/2024","1.680","1.675","1.685","1.660","188,10K","0,00%"
"14/06/2024","1.680","1.670","1.690","1.660","222,10K","0,60%"
"13/06/2024","1.670","1.675","1.680","1.665","16,00K","-0,30%"
"12/06/2024","1.675","1.690","1.690","1.660","200,90K","-0,89%"
"11/06/2024","1.690","1.695","1.695","1.670","113,20K","-0,29%"
"10/06/2024","1.695","1.690","1.695","1.670","122,30K","0,59%"
"07/06/2024","1.685","1.690","1.695","1.680","64,60K","0,30%"
"06/06/2024","1.680","1.680","1.690","1.675","61,10K","0,00%"
"05/06/2024","1.680","1.695","1.695","1.675","62,40K","0,00%"
"04/06/2024","1.680","1.670","1.695","1.665","143,70K","0,90%"
"03/06/2024","1.665","1.675","1.695","1.660","98,90K","-0,30%"
"31/05/2024","1.670","1.685","1.700","1.670","52,30K","0,00%"
"30/05/2024","1.670","1.685","1.685","1.660","111,70K","-0,89%"
"29/05/2024","1.685","1.690","1.690","1.670","103,60K","0,30%"
"28/05/2024","1.680","1.690","1.700","1.675","144,10K","-0,59%"
"27/05/2024","1.690","1.685","1.700","1.670","382,80K","0,60%"
"22/05/2024","1.680","1.670","1.690","1.665","77,10K","0,60%"
"21/05/2024","1.670","1.680","1.685","1.670","36,20K","-0,60%"
"20/05/2024","1.680","1.665","1.685","1.665","116,40K","0,90%"
"17/05/2024","1.665","1.675","1.675","1.660","12,20K","0,00%"
"16/05/2024","1.665","1.670","1.675","1.655","114,50K","0,91%"
"15/05/2024","1.650","1.670","1.675","1.650","53,50K","-0,60%"
"14/05/2024","1.660","1.670","1.680","1.650","42,00K","0,00%"
"13/05/2024","1.660","1.635","1.660","1.630","78,30K","1,53%"
"08/05/2024","1.635","1.685","1.685","1.625","93,90K","-2,10%"
"07/05/2024","1.670","1.680","1.680","1.660","34,70K","-0,60%"
"06/05/2024","1.680","1.645","1.680","1.645","109,30K","2,13%"
"03/05/2024","1.645","1.650","1.655","1.645","142,70K","-0,30%"
"02/05/2024","1.650","1.650","1.660","1.630","297,80K","0,00%"
"30/04/2024","1.650","1.625","1.650","1.620","192,60K","1,85%"
"29/04/2024","1.620","1.640","1.640","1.615","46,50K","-0,61%"
"26/04/2024","1.630","1.635","1.645","1.630","86,20K","0,00%"
"25/04/2024","1.630","1.630","1.635","1.625","5,10K","0,31%"
"24/04/2024","1.625","1.625","1.640","1.625","29,30K","-0,31%"
"23/04/2024","1.630","1.625","1.640","1.625","116,90K","0,62%"
"22/04/2024","1.620","1.620","1.640","1.620","66,30K","0,00%"
"19/04/2024","1.620","1.630","1.635","1.620","224,20K","-0,61%"
"18/04/2024","1.630","1.630","1.630","1.625","48,20K","0,00%"
"17/04/2024","1.630","1.640","1.640","1.625","33,40K","-0,61%"
"16/04/2024","1.640","1.645","1.645","1.620","54,60K","-0,30%"
"05/04/2024","1.645","1.630","1.650","1.630","34,70K","0,92%"
"04/04/2024","1.630","1.635","1.640","1.625","349,20K","-0,31%"
"03/04/2024","1.635","1.640","1.640","1.630","42,80K","0,31%"
"02/04/2024","1.630","1.630","1.650","1.625","143,00K","0,00%"
"01/04/2024","1.630","1.620","1.645","1.620","119,40K","0,62%"
"28/03/2024","1.620","1.625","1.630","1.620","141,80K","-0,31%"
"27/03/2024","1.625","1.625","1.630","1.620","143,50K","0,31%"
"26/03/2024","1.620","1.635","1.635","1.610","1,11M","-0,92%"
"25/03/2024","1.635","1.610","1.650","1.610","973,30K","1,55%"
"22/03/2024","1.610","1.615","1.655","1.610","97,50K","-0,31%"
"21/03/2024","1.615","1.605","1.615","1.600","93,60K","0,62%"
"20/03/2024","1.605","1.605","1.615","1.600","103,60K","0,00%"
"19/03/2024","1.605","1.605","1.620","1.600","70,60K","0,00%"
"18/03/2024","1.605","1.610","1.625","1.605","44,00K","-0,31%"
"15/03/2024","1.610","1.615","1.615","1.605","91,20K","-0,31%"
"14/03/2024","1.615","1.615","1.620","1.605","66,40K","0,00%"
"13/03/2024","1.615","1.620","1.630","1.615","121,90K","-0,31%"
"08/03/2024","1.620","1.610","1.625","1.605","157,60K","0,93%"
"07/03/2024","1.605","1.605","1.620","1.600","92,90K","0,00%"
"06/03/2024","1.605","1.610","1.620","1.595","116,40K","-0,62%"
"05/03/2024","1.615","1.625","1.630","1.615","106,10K","-0,31%"
"04/03/2024","1.620","1.630","1.635","1.615","39,40K","-0,61%"
"01/03/2024","1.630","1.625","1.630","1.620","46,10K","0,31%"
"29/02/2024","1.625","1.625","1.630","1.625","27,80K","-0,31%"
"28/02/2024","1.630","1.625","1.630","1.620","60,60K","0,62%"
"27/02/2024","1.620","1.630","1.630","1.615","50,90K","-0,61%"
"26/02/2024","1.630","1.640","1.640","1.620","37,40K","-0,61%"
"23/02/2024","1.640","1.645","1.645","1.625","16,30K","0,00%"
"22/02/2024","1.640","1.630","1.640","1.620","54,50K","0,61%"
"21/02/2024","1.630","1.635","1.645","1.620","124,40K","-0,31%"
"20/02/2024","1.635","1.650","1.650","1.620","116,40K","-0,91%"
"19/02/2024","1.650","1.670","1.690","1.650","112,80K","-0,60%"
"16/02/2024","1.660","1.675","1.700","1.645","135,70K","-0,90%"
"15/02/2024","1.675","1.675","1.705","1.670","164,20K","0,00%"
"13/02/2024","1.675","1.650","1.675","1.650","71,40K","1,52%"
"12/02/2024","1.650","1.650","1.655","1.635","25,80K","0,00%"
"07/02/2024","1.650","1.645","1.650","1.630","31,30K","0,30%"
"06/02/2024","1.645","1.635","1.645","1.630","25,10K","0,61%"
"05/02/2024","1.635","1.635","1.655","1.625","61,40K","0,00%"
"02/02/2024","1.635","1.635","1.640","1.630","84,00K","0,00%"
"01/02/2024","1.635","1.630","1.670","1.630","88,20K","0,31%"
"31/01/2024","1.630","1.620","1.650","1.620","159,90K","0,62%"
"30/01/2024","1.620","1.645","1.650","1.620","329,70K","-1,52%"
"29/01/2024","1.645","1.655","1.670","1.645","75,70K","-0,60%"
"26/01/2024","1.655","1.670","1.670","1.650","56,20K","-0,90%"
"25/01/2024","1.670","1.650","1.700","1.645","73,30K","1,21%"
"24/01/2024","1.650","1.675","1.675","1.645","105,60K","-1,49%"
"23/01/2024","1.675","1.690","1.690","1.675","68,40K","-0,89%"
"22/01/2024","1.690","1.685","1.695","1.675","57,70K","0,60%"
"19/01/2024","1.680","1.670","1.680","1.670","89,40K","0,00%"
"18/01/2024","1.680","1.675","1.680","1.670","50,50K","0,00%"
"17/01/2024","1.680","1.690","1.690","1.675","76,40K","-0,30%"
"16/01/2024","1.685","1.675","1.690","1.670","223,50K","0,60%"
"15/01/2024","1.675","1.670","1.675","1.665","71,80K","0,30%"
"12/01/2024","1.670","1.670","1.680","1.665","67,30K","-0,30%"
"11/01/2024","1.675","1.690","1.690","1.665","82,50K","-0,89%"
"10/01/2024","1.690","1.670","1.695","1.670","38,60K","1,20%"
"09/01/2024","1.670","1.665","1.675","1.650","92,00K","0,60%"
"08/01/2024","1.660","1.650","1.665","1.645","91,30K","0,61%"
"05/01/2024","1.650","1.660","1.660","1.650","79,00K","-0,60%"
"04/01/2024","1.660","1.650","1.660","1.635","115,40K","0,61%"
"03/01/2024","1.650","1.640","1.650","1.630","154,50K","0,61%"
"02/01/2024","1.640","1.630","1.640","1.615","113,00K","1,55%"
"29/12/2023","1.615","1.630","1.635","1.615","81,60K","-0,62%"
"28/12/2023","1.625","1.630","1.630","1.620","39,60K","0,00%"
"27/12/2023","1.625","1.625","1.635","1.620","54,60K","0,00%"
"22/12/2023","1.625","1.620","1.635","1.615","45,90K","0,31%"
"21/12/2023","1.620","1.625","1.630","1.615","757,80K","-0,31%"
"20/12/2023","1.625","1.625","1.630","1.620","99,00K","0,00%"
"19/12/2023","1.625","1.610","1.625","1.610","74,50K","0,31%"
"18/12/2023","1.620","1.615","1.630","1.615","68,00K","0,31%"
"15/12/2023","1.615","1.610","1.620","1.600","24,80K","0,00%"
"14/12/2023","1.615","1.600","1.620","1.600","80,00K","0,31%"
"13/12/2023","1.610","1.615","1.615","1.590","192,50K","-0,62%"
"12/12/2023","1.620","1.630","1.630","1.600","55,90K","-0,61%"
"11/12/2023","1.630","1.630","1.630","1.600","25,40K","0,00%"
"08/12/2023","1.630","1.625","1.630","1.600","92,90K","1,56%"
"07/12/2023","1.605","1.635","1.635","1.560","45,70K","-1,53%"
"06/12/2023","1.630","1.620","1.630","1.615","474,20K","0,62%"
"05/12/2023","1.620","1.615","1.625","1.605","36,20K","0,93%"
"04/12/2023","1.605","1.615","1.615","1.540","567,40K","0,00%"
"01/12/2023","1.605","1.625","1.640","1.605","676,70K","-1,23%"
"30/11/2023","1.625","1.625","1.640","1.620","94,50K","0,00%"
"29/11/2023","1.625","1.630","1.640","1.625","130,20K","0,00%"
"28/11/2023","1.625","1.630","1.635","1.615","115,10K","-0,31%"
"27/11/2023","1.630","1.590","1.635","1.590","165,20K","2,52%"
"24/11/2023","1.590","1.575","1.600","1.575","125,50K","0,95%"
"23/11/2023","1.575","1.580","1.595","1.570","163,40K","-0,32%"
"22/11/2023","1.580","1.575","1.590","1.555","194,20K","0,32%"
"21/11/2023","1.575","1.560","1.585","1.555","96,00K","0,96%"
"20/11/2023","1.560","1.555","1.570","1.555","75,50K","0,32%"
"17/11/2023","1.555","1.560","1.570","1.555","83,10K","-0,32%"
"16/11/2023","1.560","1.540","1.570","1.515","78,30K","-0,32%"
"15/11/2023","1.565","1.560","1.590","1.555","84,10K","0,32%"
"14/11/2023","1.560","1.560","1.565","1.550","139,00K","0,00%"
"13/11/2023","1.560","1.560","1.570","1.560","75,30K","0,32%"
"10/11/2023","1.555","1.570","1.570","1.555","97,60K","-0,96%"
"09/11/2023","1.570","1.565","1.575","1.560","57,30K","0,64%"
"08/11/2023","1.560","1.575","1.575","1.555","211,70K","-0,95%"
"07/11/2023","1.575","1.580","1.595","1.550","108,40K","-0,32%"
"06/11/2023","1.580","1.595","1.595","1.580","217,10K","-0,63%"
"03/11/2023","1.590","1.585","1.595","1.565","168,80K","0,32%"
"02/11/2023","1.585","1.595","1.615","1.580","441,70K","-0,63%"
"01/11/2023","1.595","1.610","1.620","1.590","438,00K","-0,93%"
"31/10/2023","1.610","1.650","1.650","1.590","215,60K","-2,42%"
"30/10/2023","1.650","1.660","1.675","1.645","124,30K","-0,60%"
"27/10/2023","1.660","1.665","1.675","1.655","159,40K","0,00%"
"26/10/2023","1.660","1.680","1.715","1.650","133,60K","-0,90%"
"25/10/2023","1.675","1.685","1.685","1.670","80,90K","-0,59%"
"24/10/2023","1.685","1.680","1.685","1.670","68,90K","0,60%"
"23/10/2023","1.675","1.690","1.690","1.665","222,10K","-0,89%"
"20/10/2023","1.690","1.700","1.700","1.690","201,90K","-0,29%"
"19/10/2023","1.695","1.705","1.705","1.680","390,30K","-0,59%"
"18/10/2023","1.705","1.695","1.715","1.695","570,30K","-0,29%"
"17/10/2023","1.710","1.710","1.715","1.705","293,30K","0,00%"
"16/10/2023","1.710","1.715","1.720","1.710","69,00K","-0,29%"
"13/10/2023","1.715","1.715","1.720","1.710","64,70K","0,00%"
"12/10/2023","1.715","1.715","1.720","1.710","406,40K","0,29%"
"11/10/2023","1.710","1.710","1.720","1.710","431,00K","-0,29%"
"10/10/2023","1.715","1.725","1.725","1.710","316,00K","0,00%"
"09/10/2023","1.715","1.720","1.725","1.715","427,10K","-0,29%"
"06/10/2023","1.720","1.715","1.725","1.715","187,80K","0,29%"
"05/10/2023","1.715","1.715","1.720","1.715","768,80K","0,00%"
"04/10/2023","1.715","1.715","1.720","1.710","351,70K","0,00%"
"03/10/2023","1.715","1.720","1.725","1.715","163,00K","0,00%"
"02/10/2023","1.715","1.715","1.725","1.715","251,20K","0,00%"
"29/09/2023","1.715","1.720","1.725","1.715","156,60K","0,00%"
"27/09/2023","1.715","1.715","1.725","1.715","65,90K","0,00%"
"26/09/2023","1.715","1.715","1.725","1.715","246,10K","-0,29%"
"25/09/2023","1.720","1.720","1.725","1.715","292,00K","0,29%"
"22/09/2023","1.715","1.705","1.725","1.705","154,80K","0,00%"
"21/09/2023","1.715","1.720","1.720","1.715","81,30K","0,00%"
"20/09/2023","1.715","1.715","1.720","1.710","329,90K","0,00%"
"19/09/2023","1.715","1.710","1.720","1.710","208,00K","0,00%"
"18/09/2023","1.715","1.715","1.720","1.710","193,30K","-0,29%"
"15/09/2023","1.720","1.725","1.725","1.715","185,40K","0,00%"
"14/09/2023","1.720","1.710","1.725","1.710","200,10K","0,29%"
"13/09/2023","1.715","1.725","1.730","1.715","145,70K","-0,29%"
"12/09/2023","1.720","1.710","1.730","1.710","161,40K","0,00%"
"11/09/2023","1.720","1.720","1.730","1.720","315,10K","0,00%"
"08/09/2023","1.720","1.715","1.725","1.715","194,80K","0,29%"
"07/09/2023","1.715","1.720","1.725","1.715","188,80K","-0,29%"
"06/09/2023","1.720","1.715","1.730","1.715","118,40K","-0,29%"
"05/09/2023","1.725","1.710","1.725","1.705","179,10K","0,58%"
"04/09/2023","1.715","1.715","1.725","1.715","177,00K","0,00%"
"01/09/2023","1.715","1.720","1.725","1.715","174,40K","0,00%"
"31/08/2023","1.715","1.725","1.725","1.715","152,50K","-0,29%"
"30/08/2023","1.720","1.720","1.725","1.720","189,30K","0,00%"
"29/08/2023","1.720","1.715","1.725","1.715","97,80K","0,00%"
"28/08/2023","1.720","1.720","1.735","1.715","79,90K","-0,29%"
"25/08/2023","1.725","1.725","1.725","1.715","97,40K","0,00%"
"24/08/2023","1.725","1.725","1.730","1.720","317,70K","0,00%"
"23/08/2023","1.725","1.725","1.740","1.720","339,40K","0,00%"
"22/08/2023","1.725","1.735","1.735","1.725","201,00K","-0,58%"
"21/08/2023","1.735","1.730","1.735","1.725","165,50K","0,29%"
"18/08/2023","1.730","1.735","1.735","1.720","138,90K","-0,29%"
"16/08/2023","1.735","1.740","1.745","1.730","92,30K","-0,29%"
"15/08/2023","1.740","1.725","1.740","1.720","248,70K","0,87%"
"14/08/2023","1.725","1.725","1.735","1.720","248,70K","-0,29%"
"11/08/2023","1.730","1.735","1.735","1.725","61,50K","0,00%"
"10/08/2023","1.730","1.730","1.735","1.720","295,50K","0,00%"
"09/08/2023","1.730","1.740","1.740","1.725","220,40K","-0,29%"
"08/08/2023","1.735","1.745","1.745","1.735","247,20K","-0,57%"
"07/08/2023","1.745","1.745","1.750","1.730","265,10K","0,00%"
"04/08/2023","1.745","1.745","1.750","1.735","46,30K","0,00%"
"03/08/2023","1.745","1.735","1.755","1.735","121,20K","0,58%"
"02/08/2023","1.735","1.745","1.745","1.725","235,10K","-0,57%"
"01/08/2023","1.745","1.755","1.755","1.720","579,20K","-0,57%"
"31/07/2023","1.755","1.785","1.785","1.750","410,90K","-1,68%"
"28/07/2023","1.785","1.750","1.800","1.725","2,47M","2,59%"
"27/07/2023","1.740","1.740","1.760","1.735","389,40K","0,29%"
"26/07/2023","1.735","1.745","1.745","1.730","263,00K","-0,29%"
"25/07/2023","1.740","1.740","1.750","1.735","251,60K","0,00%"
"24/07/2023","1.740","1.740","1.750","1.735","343,90K","0,29%"
"21/07/2023","1.735","1.740","1.760","1.730","379,70K","-0,29%"
"20/07/2023","1.740","1.750","1.765","1.735","388,00K","-0,29%"
"18/07/2023","1.745","1.745","1.775","1.740","413,30K","0,00%"
"17/07/2023","1.745","1.725","1.745","1.725","223,50K","0,58%"
"14/07/2023","1.735","1.725","1.735","1.710","193,80K","0,58%"
"13/07/2023","1.725","1.740","1.755","1.705","545,70K","-0,86%"
"12/07/2023","1.740","1.770","1.770","1.740","811,70K","-1,69%"
"11/07/2023","1.770","1.755","1.775","1.750","470,30K","0,00%"
"10/07/2023","1.770","1.780","1.810","1.760","1,18M","0,00%"
"07/07/2023","1.770","1.800","1.820","1.760","2,65M","-12,38%"
"06/07/2023","2.020","2.000","2.040","1.980","3,88M","1,00%"
"05/07/2023","2.000","1.960","2.020","1.960","4,03M","2,04%"
"04/07/2023","1.960","1.955","1.965","1.940","1,31M","1,03%"
"03/07/2023","1.940","1.950","1.955","1.925","1,30M","1,31%"
"27/06/2023","1.915","1.930","1.940","1.915","298,30K","-0,78%"
"26/06/2023","1.930","1.925","1.945","1.910","766,20K","0,26%"
"23/06/2023","1.925","1.900","2.010","1.900","2,47M","1,32%"
"22/06/2023","1.900","1.905","1.905","1.870","572,80K","-0,26%"
"21/06/2023","1.905","1.850","1.915","1.850","513,10K","2,97%"
"20/06/2023","1.850","1.860","1.875","1.840","363,00K","-0,54%"
"19/06/2023","1.860","1.820","1.885","1.820","616,20K","2,20%"
"16/06/2023","1.820","1.810","1.825","1.810","188,30K","0,28%"
"15/06/2023","1.815","1.835","1.835","1.810","132,70K","-0,55%"
"14/06/2023","1.825","1.820","1.830","1.815","78,40K","0,55%"
"13/06/2023","1.815","1.805","1.845","1.805","425,20K","0,55%"
"12/06/2023","1.805","1.780","1.810","1.780","599,90K","1,40%"
"09/06/2023","1.780","1.775","1.790","1.775","254,90K","0,28%"
"08/06/2023","1.775","1.790","1.790","1.775","173,30K","-0,84%"
"07/06/2023","1.790","1.775","1.795","1.775","87,80K","1,13%"
"06/06/2023","1.770","1.780","1.780","1.760","102,60K","-0,56%"
"05/06/2023","1.780","1.795","1.795","1.760","200,70K","-0,84%"
"31/05/2023","1.795","1.735","1.890","1.730","394,10K","3,46%"
"30/05/2023","1.735","1.725","1.740","1.725","29,50K","0,58%"
"29/05/2023","1.725","1.730","1.730","1.720","92,50K","0,00%"
"26/05/2023","1.725","1.735","1.740","1.720","122,80K","-0,58%"
"25/05/2023","1.735","1.735","1.740","1.725","69,90K","0,29%"
"24/05/2023","1.730","1.720","1.735","1.715","168,40K","0,29%"
"23/05/2023","1.725","1.715","1.725","1.715","35,70K","0,58%"
"22/05/2023","1.715","1.700","1.715","1.690","218,80K","0,29%"
"19/05/2023","1.710","1.720","1.720","1.700","185,90K","-0,58%"
"17/05/2023","1.720","1.730","1.730","1.715","131,90K","-0,58%"
"16/05/2023","1.730","1.730","1.730","1.720","126,70K","0,58%"
"15/05/2023","1.720","1.725","1.730","1.715","142,00K","0,00%"
"12/05/2023","1.720","1.720","1.720","1.710","92,70K","0,58%"
"11/05/2023","1.710","1.715","1.720","1.700","197,80K","0,00%"
"10/05/2023","1.710","1.720","1.725","1.705","386,20K","-0,58%"
"09/05/2023","1.720","1.705","1.730","1.705","163,20K","0,88%"
"08/05/2023","1.705","1.715","1.725","1.700","313,20K","-0,58%"
"05/05/2023","1.715","1.735","1.735","1.715","179,50K","-1,15%"
"04/05/2023","1.735","1.735","1.745","1.730","169,60K","0,00%"
"03/05/2023","1.735","1.730","1.740","1.715","136,90K","0,29%"
"02/05/2023","1.730","1.750","1.750","1.710","412,70K","-1,14%"
"28/04/2023","1.750","1.770","1.795","1.740","819,40K","-2,51%"
"27/04/2023","1.795","1.790","1.820","1.785","358,90K","0,28%"
"26/04/2023","1.790","1.750","1.795","1.750","317,50K","2,29%"
"18/04/2023","1.750","1.750","1.765","1.745","316,10K","0,00%"
"17/04/2023","1.750","1.765","1.770","1.750","152,00K","0,00%"
"14/04/2023","1.750","1.750","1.760","1.745","111,30K","0,00%"
"13/04/2023","1.750","1.755","1.755","1.740","544,40K","0,00%"
"12/04/2023","1.750","1.770","1.770","1.750","224,90K","-0,85%"
"11/04/2023","1.765","1.780","1.790","1.760","109,20K","0,28%"
"10/04/2023","1.760","1.790","1.790","1.755","375,50K","-1,68%"
"06/04/2023","1.790","1.795","1.795","1.770","253,00K","-0,28%"
"05/04/2023","1.795","1.800","1.810","1.795","125,20K","0,00%"
"04/04/2023","1.795","1.800","1.800","1.785","140,10K","-0,28%"
"03/04/2023","1.800","1.790","1.815","1.785","210,70K","0,56%"
"31/03/2023","1.790","1.805","1.810","1.780","816,60K","-0,83%"
"30/03/2023","1.805","1.825","1.830","1.800","334,40K","-1,10%"
"29/03/2023","1.825","1.830","1.830","1.800","246,50K","-0,27%"
"28/03/2023","1.830","1.835","1.835","1.800","294,50K","-0,27%"
"27/03/2023","1.835","1.845","1.845","1.830","167,10K","-0,54%"
"24/03/2023","1.845","1.825","1.850","1.815","217,30K","1,10%"
"21/03/2023","1.825","1.800","1.825","1.795","55,70K","1,39%"
"20/03/2023","1.800","1.805","1.815","1.780","77,50K","0,00%"
"17/03/2023","1.800","1.800","1.800","1.780","56,20K","1,69%"
"16/03/2023","1.770","1.790","1.790","1.755","122,40K","-1,12%"
"15/03/2023","1.790","1.810","1.810","1.720","283,80K","-1,10%"
"14/03/2023","1.810","1.880","1.880","1.790","488,30K","-3,98%"
"13/03/2023","1.885","1.895","1.895","1.875","72,00K","-0,26%"
"10/03/2023","1.890","1.890","1.895","1.885","67,10K","0,00%"
"09/03/2023","1.890","1.885","1.895","1.885","40,30K","0,27%"
"08/03/2023","1.885","1.885","1.890","1.880","49,70K","0,00%"
"07/03/2023","1.885","1.890","1.890","1.885","50,10K","-0,26%"
"06/03/2023","1.890","1.895","1.900","1.890","65,90K","-0,26%"
"03/03/2023","1.895","1.910","1.910","1.895","65,90K","0,00%"
"02/03/2023","1.895","1.890","1.900","1.890","98,30K","0,26%"
"01/03/2023","1.890","1.880","1.895","1.875","57,00K","0,53%"
"28/02/2023","1.880","1.870","1.890","1.865","104,50K","0,53%"
"27/02/2023","1.870","1.880","1.895","1.860","231,60K","-0,53%"
"24/02/2023","1.880","1.900","1.900","1.880","181,20K","-1,05%"
"23/02/2023","1.900","1.900","1.900","1.890","85,40K","0,26%"
"22/02/2023","1.895","1.910","1.915","1.895","44,90K","-0,79%"
"21/02/2023","1.910","1.900","1.910","1.895","160,40K","0,53%"
"20/02/2023","1.900","1.910","1.915","1.900","112,70K","-0,26%"
"17/02/2023","1.905","1.895","1.910","1.895","324,00K","0,79%"
"16/02/2023","1.890","1.900","1.900","1.880","224,90K","-0,26%"
"15/02/2023","1.895","1.900","1.905","1.895","308,40K","-0,26%"
"14/02/2023","1.900","1.890","1.900","1.885","50,30K","0,53%"
"13/02/2023","1.890","1.895","1.895","1.880","68,50K","-0,26%"
"10/02/2023","1.895","1.880","1.900","1.880","33,00K","0,00%"
"09/02/2023","1.895","1.890","1.900","1.880","23,90K","0,26%"
"08/02/2023","1.890","1.895","1.900","1.890","70,00K","-0,53%"
"07/02/2023","1.900","1.875","1.900","1.865","53,20K","1,33%"
"06/02/2023","1.875","1.895","1.895","1.870","102,20K","-1,06%"
"03/02/2023","1.895","1.900","1.900","1.890","86,80K","0,00%"
"02/02/2023","1.895","1.900","1.900","1.885","84,20K","-0,26%"
"01/02/2023","1.900","1.915","1.920","1.890","59,90K","-0,52%"
"31/01/2023","1.910","1.910","1.930","1.900","47,00K","0,00%"
"30/01/2023","1.910","1.900","1.920","1.885","130,60K","0,53%"
"27/01/2023","1.900","1.870","1.905","1.870","167,40K","1,33%"
"26/01/2023","1.875","1.845","1.880","1.840","98,10K","1,63%"
"25/01/2023","1.845","1.850","1.850","1.835","47,00K","0,82%"
"24/01/2023","1.830","1.820","1.850","1.815","129,30K","0,83%"
"20/01/2023","1.815","1.815","1.825","1.810","88,00K","0,28%"
"19/01/2023","1.810","1.820","1.825","1.810","99,80K","-0,55%"
"18/01/2023","1.820","1.835","1.840","1.800","158,00K","-0,55%"
"17/01/2023","1.830","1.825","1.835","1.815","89,80K","0,27%"
"16/01/2023","1.825","1.835","1.840","1.825","35,50K","-0,54%"
"13/01/2023","1.835","1.840","1.845","1.820","43,70K","0,00%"
"12/01/2023","1.835","1.820","1.850","1.820","242,10K","0,00%"
"11/01/2023","1.835","1.835","1.840","1.820","29,70K","0,00%"
"10/01/2023","1.835","1.840","1.850","1.830","88,70K","0,27%"
"09/01/2023","1.830","1.830","1.845","1.810","85,10K","0,27%"
"06/01/2023","1.825","1.800","1.835","1.780","104,80K","1,11%"
"05/01/2023","1.805","1.900","1.900","1.800","514,70K","-5,00%"
"04/01/2023","1.900","1.915","1.915","1.900","83,00K","-0,78%"
"03/01/2023","1.915","1.920","1.920","1.905","35,40K","-0,26%"
"02/01/2023","1.920","1.925","1.950","1.900","145,00K","0,00%"
"30/12/2022","1.920","1.910","1.940","1.895","144,60K","0,52%"
"29/12/2022","1.910","1.945","1.945","1.880","385,70K","-1,80%"
"28/12/2022","1.945","1.950","1.950","1.930","73,00K","-0,26%"
"27/12/2022","1.950","1.960","1.965","1.945","42,60K","-0,51%"
"26/12/2022","1.960","1.965","1.965","1.940","50,00K","0,00%"
"23/12/2022","1.960","1.965","1.965","1.945","81,90K","-0,25%"
"22/12/2022","1.965","1.965","1.975","1.965","16,60K","0,00%"
"21/12/2022","1.965","1.975","1.975","1.955","31,60K","-0,25%"
"20/12/2022","1.970","1.980","1.980","1.950","119,10K","-0,25%"
"19/12/2022","1.975","1.960","1.975","1.920","87,60K","0,77%"
"16/12/2022","1.960","1.970","1.975","1.950","51,70K","-0,25%"
"15/12/2022","1.965","1.960","1.970","1.945","78,30K","0,00%"
"14/12/2022","1.965","1.960","1.965","1.950","73,10K","0,51%"
"13/12/2022","1.955","1.955","1.980","1.950","99,70K","0,00%"
"12/12/2022","1.955","1.925","1.955","1.910","137,20K","0,26%"
"09/12/2022","1.950","1.940","1.955","1.925","396,20K","1,56%"
"08/12/2022","1.920","1.940","1.945","1.915","116,50K","-1,03%"
"07/12/2022","1.940","1.940","1.940","1.910","235,40K","0,00%"
"06/12/2022","1.940","1.955","1.955","1.920","359,70K","-0,77%"
"05/12/2022","1.955","1.965","1.980","1.955","153,20K","-0,26%"
"02/12/2022","1.960","1.970","1.970","1.955","88,30K","-0,25%"
"01/12/2022","1.965","1.975","1.985","1.960","111,50K","0,00%"
"30/11/2022","1.965","1.965","1.975","1.955","106,80K","0,26%"
"29/11/2022","1.960","1.970","1.970","1.960","166,40K","-0,51%"
"28/11/2022","1.970","1.980","1.985","1.960","150,90K","0,00%"
"25/11/2022","1.970","1.970","2.000","1.965","122,60K","-0,25%"
"24/11/2022","1.975","1.990","1.990","1.965","132,40K","-0,50%"
"23/11/2022","1.985","1.980","1.995","1.960","150,30K","0,76%"
"22/11/2022","1.970","1.960","1.975","1.950","116,20K","0,51%"
"21/11/2022","1.960","1.965","1.975","1.955","136,80K","-0,25%"
"18/11/2022","1.965","1.970","1.985","1.965","170,50K","0,00%"
"17/11/2022","1.965","1.970","1.990","1.965","163,00K","-0,25%"
"16/11/2022","1.970","1.975","1.980","1.965","110,30K","0,00%"
"15/11/2022","1.970","1.975","1.980","1.965","114,20K","0,00%"
"14/11/2022","1.970","1.970","2.000","1.955","235,90K","-0,25%"
"11/11/2022","1.975","1.960","1.995","1.955","87,90K","0,77%"
"10/11/2022","1.960","1.995","1.995","1.950","184,80K","-1,75%"
"09/11/2022","1.995","2.000","2.020","1.985","171,80K","-0,25%"
"08/11/2022","2.000","1.980","2.030","1.975","258,20K","0,00%"
"07/11/2022","2.000","2.020","2.040","1.920","457,30K","-0,99%"
"04/11/2022","2.020","2.060","2.060","2.000","146,20K","-1,94%"
"03/11/2022","2.060","2.020","2.070","2.000","181,40K","0,98%"
"02/11/2022","2.040","2.130","2.150","2.010","470,80K","-1,92%"
"01/11/2022","2.080","2.130","2.160","2.050","527,20K","-0,48%"
"31/10/2022","2.090","2.030","2.100","2.000","648,40K","2,96%"
"28/10/2022","2.030","2.000","2.190","1.960","1,34M","-0,98%"
"27/10/2022","2.050","2.000","2.050","1.990","411,20K","3,02%"
"26/10/2022","1.990","1.875","2.090","1.850","1,09M","3,92%"
"25/10/2022","1.915","1.870","1.940","1.850","405,90K","0,26%"
"24/10/2022","1.910","1.865","1.920","1.865","595,30K","2,41%"
"21/10/2022","1.865","1.850","1.910","1.850","481,30K","-0,53%"
"20/10/2022","1.875","1.820","1.920","1.820","941,60K","3,02%"
"19/10/2022","1.820","1.810","1.825","1.805","538,60K","0,83%"
"18/10/2022","1.805","1.800","1.835","1.800","183,50K","0,28%"
"17/10/2022","1.800","1.845","1.850","1.800","464,60K","-2,44%"
"14/10/2022","1.845","1.780","1.860","1.780","555,20K","2,22%"
"13/10/2022","1.805","1.800","1.820","1.795","302,70K","0,28%"
"12/10/2022","1.800","1.810","1.815","1.775","426,70K","-0,55%"
"11/10/2022","1.810","1.850","1.850","1.800","637,30K","-2,43%"
"10/10/2022","1.855","1.850","1.865","1.805","279,60K","-0,54%"
"07/10/2022","1.865","1.850","1.900","1.825","613,00K","1,36%"
"06/10/2022","1.840","1.825","1.845","1.790","473,10K","1,10%"
"05/10/2022","1.820","1.745","1.845","1.745","315,80K","1,68%"
"04/10/2022","1.790","1.755","1.815","1.730","470,70K","1,99%"
"03/10/2022","1.755","1.730","1.775","1.730","559,80K","3,54%"
"30/09/2022","1.695","1.680","1.710","1.565","821,00K","0,89%"
"29/09/2022","1.680","1.775","1.775","1.650","707,00K","-4,82%"
"28/09/2022","1.765","1.780","1.785","1.745","413,40K","-0,28%"
"27/09/2022","1.770","1.755","1.785","1.750","206,00K","0,85%"
"26/09/2022","1.755","1.860","1.860","1.740","710,50K","-5,65%"
"23/09/2022","1.860","1.795","1.880","1.770","346,40K","3,62%"
"22/09/2022","1.795","1.850","1.855","1.795","533,60K","-2,97%"
"21/09/2022","1.850","1.815","1.870","1.795","285,70K","2,49%"
"20/09/2022","1.805","1.935","1.950","1.795","1,08M","-5,99%"
"19/09/2022","1.920","1.740","1.950","1.740","1,84M","10,34%"
"16/09/2022","1.740","1.780","1.795","1.740","543,90K","-2,25%"
"15/09/2022","1.780","1.720","1.790","1.715","976,70K","4,09%"
"14/09/2022","1.710","1.685","1.710","1.670","387,10K","1,48%"
"13/09/2022","1.685","1.675","1.710","1.655","278,70K","0,90%"
"12/09/2022","1.670","1.645","1.690","1.640","494,60K","1,21%"
"09/09/2022","1.650","1.695","1.710","1.650","513,50K","-2,65%"
"08/09/2022","1.695","1.700","1.715","1.665","152,10K","-1,17%"
"07/09/2022","1.715","1.675","1.720","1.675","364,10K","2,39%"
"06/09/2022","1.675","1.675","1.705","1.665","449,60K","0,00%"
"05/09/2022","1.675","1.705","1.705","1.650","382,70K","-2,33%"
"02/09/2022","1.715","1.730","1.750","1.710","825,30K","-0,87%"
"01/09/2022","1.730","1.705","1.755","1.705","918,40K","1,47%"
"31/08/2022","1.705","1.650","1.755","1.650","2,39M","3,33%"
"30/08/2022","1.650","1.630","1.650","1.625","682,00K","1,23%"
"29/08/2022","1.630","1.615","1.630","1.605","367,40K","0,93%"
"26/08/2022","1.615","1.610","1.620","1.580","725,20K","0,31%"
"25/08/2022","1.610","1.580","1.630","1.575","956,30K","2,22%"
"24/08/2022","1.575","1.585","1.590","1.555","92,70K","-0,32%"
"23/08/2022","1.580","1.585","1.590","1.560","721,30K","0,32%"
"22/08/2022","1.575","1.570","1.580","1.550","234,00K","0,32%"
"19/08/2022","1.570","1.550","1.570","1.540","518,70K","0,64%"
"18/08/2022","1.560","1.550","1.570","1.550","222,00K","0,65%"
"16/08/2022","1.550","1.565","1.575","1.550","194,20K","-0,96%"
"15/08/2022","1.565","1.550","1.580","1.550","487,40K","0,97%"
"12/08/2022","1.550","1.550","1.555","1.540","321,50K","0,00%"
"11/08/2022","1.550","1.560","1.565","1.545","209,60K","-0,64%"
"10/08/2022","1.560","1.545","1.565","1.535","357,50K","0,97%"
"09/08/2022","1.545","1.570","1.570","1.540","668,80K","-1,59%"
"08/08/2022","1.570","1.570","1.575","1.545","290,80K","0,00%"
"05/08/2022","1.570","1.570","1.590","1.570","361,70K","0,00%"
"04/08/2022","1.570","1.565","1.580","1.565","573,00K","0,64%"
"03/08/2022","1.560","1.545","1.560","1.540","672,30K","0,97%"
"02/08/2022","1.545","1.555","1.560","1.535","479,50K","-0,64%"
"01/08/2022","1.555","1.530","1.560","1.525","1,30M","1,97%"
"29/07/2022","1.525","1.500","1.540","1.500","1,62M","3,04%"
"28/07/2022","1.480","1.480","1.510","1.475","1,08M","0,00%"
"27/07/2022","1.480","1.450","1.500","1.445","1,43M","2,07%"
"26/07/2022","1.450","1.465","1.480","1.440","1,13M","-1,36%"
"25/07/2022","1.470","1.490","1.490","1.420","1,78M","-3,29%"
"22/07/2022","1.520","1.600","1.600","1.520","447,70K","-6,75%"
"21/07/2022","1.630","1.630","1.630","1.620","2,94M","0,62%"
"20/07/2022","1.620","1.610","1.630","1.605","2,09M","0,93%"
"19/07/2022","1.605","1.600","1.620","1.590","2,13M","0,31%"
"18/07/2022","1.600","1.650","1.650","1.600","2,04M","0,00%"
"15/07/2022","1.600","1.570","1.650","1.570","2,86M","2,56%"
"14/07/2022","1.560","1.580","1.600","1.545","1,02M","-0,64%"
"13/07/2022","1.570","1.540","1.650","1.510","3,14M","4,67%"
"12/07/2022","1.500","1.540","1.550","1.495","690,50K","-2,28%"
"11/07/2022","1.535","1.515","1.575","1.505","349,50K","1,32%"
"08/07/2022","1.515","1.500","1.520","1.480","488,50K","1,34%"
"07/07/2022","1.495","1.480","1.495","1.460","106,30K","1,01%"
"06/07/2022","1.480","1.450","1.495","1.450","113,70K","0,00%"
"05/07/2022","1.480","1.450","1.485","1.445","305,70K","1,72%"
"04/07/2022","1.455","1.470","1.490","1.435","231,70K","-0,68%"
"01/07/2022","1.465","1.500","1.500","1.455","263,40K","-2,33%"
"30/06/2022","1.500","1.500","1.500","1.495","71,20K","0,00%"
"29/06/2022","1.500","1.515","1.515","1.495","156,60K","-0,99%"
"28/06/2022","1.515","1.555","1.555","1.510","125,30K","0,33%"
"27/06/2022","1.510","1.500","1.515","1.490","169,40K","0,67%"
"24/06/2022","1.500","1.490","1.520","1.475","230,00K","0,67%"
"23/06/2022","1.490","1.505","1.505","1.480","101,10K","-0,67%"
"22/06/2022","1.500","1.525","1.525","1.485","189,00K","0,00%"
"21/06/2022","1.500","1.515","1.515","1.475","104,40K","0,67%"
"20/06/2022","1.490","1.520","1.520","1.470","161,70K","0,34%"
"17/06/2022","1.485","1.495","1.525","1.465","358,80K","-2,30%"
"16/06/2022","1.520","1.520","1.520","1.495","273,80K","1,67%"
"15/06/2022","1.495","1.545","1.545","1.465","389,80K","-0,33%"
"14/06/2022","1.500","1.525","1.525","1.475","377,20K","-1,64%"
"13/06/2022","1.525","1.600","1.610","1.490","1,57M","-4,69%"
"10/06/2022","1.600","1.550","1.635","1.550","1,86M","2,56%"
"09/06/2022","1.560","1.550","1.595","1.525","1,13M","2,63%"
"08/06/2022","1.520","1.520","1.530","1.480","661,90K","0,66%"
"07/06/2022","1.510","1.500","1.510","1.480","465,70K","2,72%"
"06/06/2022","1.470","1.440","1.490","1.435","356,10K","2,44%"
"03/06/2022","1.435","1.475","1.490","1.435","696,30K","-0,69%"
"02/06/2022","1.445","1.475","1.475","1.425","526,20K","0,70%"
"31/05/2022","1.435","1.475","1.475","1.405","295,60K","0,00%"
"30/05/2022","1.435","1.400","1.475","1.400","218,80K","2,14%"
"27/05/2022","1.405","1.400","1.420","1.385","193,20K","1,08%"
"25/05/2022","1.390","1.400","1.400","1.385","97,50K","0,36%"
"24/05/2022","1.385","1.395","1.395","1.380","109,00K","-0,72%"
"23/05/2022","1.395","1.400","1.400","1.380","126,70K","0,72%"
"20/05/2022","1.385","1.380","1.400","1.380","318,00K","0,36%"
"19/05/2022","1.380","1.400","1.405","1.375","445,90K","-1,43%"
"18/05/2022","1.400","1.395","1.410","1.390","207,90K","0,36%"
"17/05/2022","1.395","1.395","1.430","1.395","311,70K","0,00%"
"13/05/2022","1.395","1.390","1.400","1.385","75,70K","0,36%"
"12/05/2022","1.390","1.415","1.425","1.390","145,90K","-1,77%"
"11/05/2022","1.415","1.400","1.440","1.380","115,20K","0,35%"
"10/05/2022","1.410","1.430","1.430","1.355","286,10K","-1,74%"
"09/05/2022","1.435","1.490","1.500","1.430","505,70K","-2,71%"
"28/04/2022","1.475","1.440","1.510","1.435","669,20K","2,79%"
"27/04/2022","1.435","1.400","1.440","1.385","722,60K","2,50%"
"26/04/2022","1.400","1.395","1.400","1.385","201,20K","0,36%"
"25/04/2022","1.395","1.390","1.400","1.365","282,20K","0,36%"
"22/04/2022","1.390","1.385","1.400","1.385","104,30K","0,00%"
"21/04/2022","1.390","1.400","1.400","1.385","168,30K","0,00%"
"20/04/2022","1.390","1.390","1.410","1.375","334,70K","1,09%"
"19/04/2022","1.375","1.370","1.380","1.365","207,90K","0,73%"
"18/04/2022","1.365","1.360","1.375","1.355","77,80K","0,37%"
"14/04/2022","1.360","1.355","1.360","1.345","106,70K","0,00%"
"13/04/2022","1.360","1.340","1.390","1.330","143,50K","1,49%"
"12/04/2022","1.340","1.355","1.355","1.335","155,40K","-1,11%"
"11/04/2022","1.355","1.355","1.370","1.340","132,30K","-0,37%"
"08/04/2022","1.360","1.375","1.375","1.350","92,00K","-0,37%"
"07/04/2022","1.365","1.375","1.375","1.360","86,60K","0,00%"
"06/04/2022","1.365","1.375","1.380","1.355","88,40K","-0,73%"
"05/04/2022","1.375","1.360","1.375","1.360","38,40K","1,10%"
"04/04/2022","1.360","1.360","1.385","1.350","274,70K","0,00%"
"01/04/2022","1.360","1.365","1.370","1.350","207,10K","-0,37%"
"31/03/2022","1.365","1.355","1.365","1.350","224,00K","0,74%"
"30/03/2022","1.355","1.335","1.360","1.335","179,60K","1,50%"
"29/03/2022","1.335","1.330","1.340","1.330","152,30K","0,38%"
"28/03/2022","1.330","1.330","1.340","1.320","198,80K","0,00%"
"25/03/2022","1.330","1.310","1.335","1.310","74,80K","0,00%"
"24/03/2022","1.330","1.330","1.340","1.315","153,10K","0,00%"
"23/03/2022","1.330","1.330","1.335","1.315","130,30K","0,00%"
"22/03/2022","1.330","1.315","1.340","1.305","103,10K","1,53%"
"21/03/2022","1.310","1.305","1.345","1.305","366,10K","0,38%"
"18/03/2022","1.305","1.325","1.330","1.295","215,90K","-1,51%"
"17/03/2022","1.325","1.260","1.325","1.260","725,90K","5,16%"
"16/03/2022","1.260","1.260","1.260","1.245","95,40K","0,00%"
"15/03/2022","1.260","1.250","1.265","1.250","128,70K","0,00%"
"14/03/2022","1.260","1.250","1.260","1.245","145,30K","0,80%"
"11/03/2022","1.250","1.250","1.250","1.250","67,80K","-0,40%"
"10/03/2022","1.255","1.245","1.260","1.240","124,50K","0,00%"
"09/03/2022","1.255","1.245","1.255","1.245","59,30K","0,80%"
"08/03/2022","1.245","1.250","1.265","1.240","167,20K","0,00%"
"07/03/2022","1.245","1.250","1.265","1.240","427,20K","-0,40%"
"04/03/2022","1.250","1.255","1.260","1.235","272,90K","-0,40%"
"02/03/2022","1.255","1.280","1.280","1.245","175,00K","0,40%"
"01/03/2022","1.250","1.255","1.270","1.240","1,18M","-0,40%"
"25/02/2022","1.255","1.250","1.265","1.250","249,10K","0,40%"
"24/02/2022","1.250","1.275","1.280","1.245","297,90K","-1,57%"
"23/02/2022","1.270","1.270","1.290","1.260","150,10K","0,00%"
"22/02/2022","1.270","1.265","1.290","1.255","239,80K","0,79%"
"21/02/2022","1.260","1.265","1.270","1.260","33,40K","0,00%"
"18/02/2022","1.260","1.265","1.270","1.250","78,60K","-0,40%"
"17/02/2022","1.265","1.245","1.265","1.245","92,10K","0,80%"
"16/02/2022","1.255","1.255","1.260","1.245","126,50K","0,40%"
"15/02/2022","1.250","1.255","1.265","1.240","539,10K","0,00%"
"14/02/2022","1.250","1.250","1.260","1.245","75,20K","0,00%"
"11/02/2022","1.250","1.260","1.260","1.250","62,60K","-0,79%"
"10/02/2022","1.260","1.255","1.265","1.250","277,90K","0,40%"
"09/02/2022","1.255","1.250","1.265","1.250","192,60K","0,40%"
"08/02/2022","1.250","1.265","1.265","1.245","445,00K","-0,40%"
"07/02/2022","1.255","1.270","1.275","1.245","349,70K","-1,18%"
"04/02/2022","1.270","1.270","1.270","1.265","38,80K","0,00%"
"03/02/2022","1.270","1.275","1.285","1.270","149,30K","-0,39%"
"02/02/2022","1.275","1.265","1.275","1.260","52,70K","0,79%"
"31/01/2022","1.265","1.280","1.280","1.250","17,40K","0,80%"
"28/01/2022","1.255","1.270","1.270","1.250","92,30K","-1,18%"
"27/01/2022","1.270","1.255","1.270","1.250","357,20K","1,20%"
"26/01/2022","1.255","1.255","1.270","1.255","163,70K","0,00%"
"25/01/2022","1.255","1.265","1.270","1.250","433,80K","-1,18%"
"24/01/2022","1.270","1.265","1.275","1.260","72,20K","0,79%"
"21/01/2022","1.260","1.245","1.260","1.245","54,50K","0,80%"
"20/01/2022","1.250","1.240","1.260","1.235","92,80K","0,81%"
"19/01/2022","1.240","1.245","1.260","1.240","126,90K","-0,40%"
"18/01/2022","1.245","1.250","1.280","1.240","232,70K","-0,40%"
"17/01/2022","1.250","1.255","1.270","1.250","63,20K","-0,40%"
"14/01/2022","1.255","1.260","1.270","1.255","163,10K","-0,40%"
"13/01/2022","1.260","1.255","1.280","1.255","58,70K","0,00%"
"12/01/2022","1.260","1.265","1.285","1.260","143,30K","-0,40%"
"11/01/2022","1.265","1.270","1.295","1.265","213,80K","-0,39%"
"10/01/2022","1.270","1.265","1.290","1.265","233,60K","0,40%"
"07/01/2022","1.265","1.270","1.295","1.265","161,30K","-0,39%"
"06/01/2022","1.270","1.275","1.280","1.270","34,80K","-0,39%"
"05/01/2022","1.275","1.275","1.285","1.270","183,50K","-0,39%"
"04/01/2022","1.280","1.275","1.315","1.275","337,30K","0,39%"
"03/01/2022","1.275","1.275","1.295","1.270","343,80K","0,00%"
"30/12/2021","1.275","1.280","1.300","1.275","167,80K","0,00%"
"29/12/2021","1.275","1.270","1.290","1.270","120,50K","1,59%"
"28/12/2021","1.255","1.305","1.305","1.250","2,12M","-3,46%"
"27/12/2021","1.300","1.320","1.370","1.300","746,60K","-1,14%"
"24/12/2021","1.315","1.315","1.325","1.310","52,20K","0,38%"
"23/12/2021","1.310","1.315","1.325","1.305","68,80K","-0,38%"
"22/12/2021","1.315","1.320","1.330","1.310","33,50K","-0,38%"
"21/12/2021","1.320","1.325","1.340","1.320","91,50K","-0,38%"
"20/12/2021","1.325","1.335","1.335","1.320","28,70K","-0,75%"
"17/12/2021","1.335","1.320","1.340","1.320","36,00K","-0,37%"
"16/12/2021","1.340","1.335","1.345","1.325","91,20K","0,37%"
"15/12/2021","1.335","1.320","1.335","1.320","27,60K","1,14%"
"14/12/2021","1.320","1.335","1.340","1.320","148,10K","-1,12%"
"13/12/2021","1.335","1.375","1.375","1.335","139,90K","-0,37%"
"10/12/2021","1.340","1.410","1.410","1.280","625,10K","-2,19%"
"09/12/2021","1.370","1.390","1.390","1.350","317,70K","0,37%"
"08/12/2021","1.365","1.400","1.400","1.355","45,80K","0,37%"
"07/12/2021","1.360","1.385","1.385","1.355","224,70K","0,00%"
"06/12/2021","1.360","1.380","1.380","1.360","21,00K","0,00%"
"03/12/2021","1.360","1.365","1.375","1.345","273,60K","-1,09%"
"02/12/2021","1.375","1.385","1.385","1.325","170,30K","-0,72%"
"01/12/2021","1.385","1.345","1.385","1.340","55,30K","2,59%"
"30/11/2021","1.350","1.370","1.385","1.345","99,40K","-1,46%"
"29/11/2021","1.370","1.355","1.385","1.335","109,10K","1,11%"
"26/11/2021","1.355","1.395","1.415","1.355","356,10K","-3,21%"
"25/11/2021","1.400","1.400","1.410","1.395","610,60K","0,00%"
"24/11/2021","1.400","1.395","1.400","1.380","166,20K","0,36%"
"23/11/2021","1.395","1.390","1.410","1.380","90,00K","-1,06%"
"22/11/2021","1.410","1.385","1.430","1.385","95,30K","-0,35%"
"19/11/2021","1.415","1.390","1.445","1.390","73,90K","-0,70%"
"18/11/2021","1.425","1.375","1.430","1.375","210,20K","1,79%"
"17/11/2021","1.400","1.420","1.470","1.400","226,40K","-1,41%"
"16/11/2021","1.420","1.410","1.455","1.410","78,80K","-1,39%"
"15/11/2021","1.440","1.425","1.470","1.390","642,50K","3,60%"
"12/11/2021","1.390","1.385","1.440","1.385","137,80K","0,36%"
"11/11/2021","1.385","1.395","1.400","1.370","25,00K","-0,72%"
"10/11/2021","1.395","1.355","1.400","1.355","114,70K","0,00%"
"09/11/2021","1.395","1.345","1.410","1.345","431,20K","1,82%"
"08/11/2021","1.370","1.335","1.410","1.335","433,70K","0,37%"
"05/11/2021","1.365","1.350","1.365","1.350","514,30K","0,74%"
"04/11/2021","1.355","1.320","1.365","1.320","57,30K","-0,37%"
"03/11/2021","1.360","1.350","1.375","1.350","130,40K","-1,09%"
"02/11/2021","1.375","1.335","1.385","1.335","85,20K","0,00%"
"01/11/2021","1.375","1.320","1.395","1.320","590,30K","1,48%"
"29/10/2021","1.355","1.320","1.385","1.320","106,30K","0,74%"
"28/10/2021","1.345","1.350","1.355","1.325","179,40K","-0,74%"
"27/10/2021","1.355","1.360","1.395","1.350","69,20K","-1,45%"
"26/10/2021","1.375","1.370","1.410","1.360","260,90K","-2,48%"
"25/10/2021","1.410","1.300","1.410","1.300","364,90K","5,22%"
"22/10/2021","1.340","1.335","1.350","1.335","176,00K","0,75%"
"21/10/2021","1.330","1.320","1.355","1.320","73,60K","0,76%"
"19/10/2021","1.320","1.315","1.350","1.315","42,90K","-0,75%"
"18/10/2021","1.330","1.305","1.355","1.305","203,70K","0,76%"
"15/10/2021","1.320","1.325","1.350","1.320","67,00K","0,00%"
"14/10/2021","1.320","1.330","1.330","1.300","182,90K","-0,75%"
"13/10/2021","1.330","1.325","1.340","1.310","110,00K","0,76%"
"12/10/2021","1.320","1.310","1.335","1.310","64,50K","1,15%"
"11/10/2021","1.305","1.310","1.350","1.305","66,10K","0,38%"
"08/10/2021","1.300","1.320","1.325","1.300","312,50K","-0,76%"
"07/10/2021","1.310","1.340","1.340","1.300","75,10K","-0,76%"
"06/10/2021","1.320","1.350","1.350","1.295","242,80K","1,15%"
"05/10/2021","1.305","1.315","1.325","1.300","1,03M","-0,76%"
"04/10/2021","1.315","1.295","1.325","1.295","303,20K","2,73%"
"01/10/2021","1.280","1.290","1.300","1.275","145,60K","0,00%"
"30/09/2021","1.280","1.290","1.295","1.280","152,60K","-0,78%"
"29/09/2021","1.290","1.300","1.300","1.275","68,30K","0,00%"
"28/09/2021","1.290","1.270","1.300","1.270","316,20K","0,78%"
"27/09/2021","1.280","1.295","1.295","1.275","36,20K","-0,39%"
"24/09/2021","1.285","1.285","1.290","1.275","267,90K","0,00%"
"23/09/2021","1.285","1.300","1.300","1.285","129,80K","-0,39%"
"22/09/2021","1.290","1.290","1.290","1.275","114,80K","0,39%"
"21/09/2021","1.285","1.270","1.290","1.250","97,50K","0,00%"
"20/09/2021","1.285","1.300","1.300","1.270","152,30K","0,00%"
"17/09/2021","1.285","1.310","1.310","1.275","81,80K","-0,77%"
"16/09/2021","1.295","1.305","1.310","1.280","112,50K","-0,38%"
"15/09/2021","1.300","1.300","1.310","1.275","94,40K","0,00%"
"14/09/2021","1.300","1.300","1.305","1.275","200,80K","1,17%"
"13/09/2021","1.285","1.300","1.305","1.275","197,70K","-0,77%"
"10/09/2021","1.295","1.285","1.300","1.275","307,40K","1,17%"
"09/09/2021","1.280","1.240","1.280","1.240","197,70K","1,19%"
"08/09/2021","1.265","1.280","1.290","1.260","469,70K","-1,17%"
"07/09/2021","1.280","1.305","1.310","1.270","338,00K","-0,78%"
"06/09/2021","1.290","1.300","1.330","1.275","119,50K","-0,39%"
"03/09/2021","1.295","1.330","1.330","1.285","105,80K","0,00%"
"02/09/2021","1.295","1.295","1.295","1.280","227,10K","0,00%"
"01/09/2021","1.295","1.345","1.345","1.290","111,70K","-1,15%"
"31/08/2021","1.310","1.320","1.340","1.300","142,00K","0,38%"
"30/08/2021","1.305","1.270","1.325","1.265","324,90K","2,76%"
"27/08/2021","1.270","1.295","1.295","1.255","217,60K","-0,78%"
"26/08/2021","1.280","1.280","1.290","1.270","115,80K","0,00%"
"25/08/2021","1.280","1.265","1.295","1.255","53,20K","1,19%"
"24/08/2021","1.265","1.325","1.325","1.265","123,20K","-2,32%"
"23/08/2021","1.295","1.250","1.315","1.245","570,60K","4,02%"
"20/08/2021","1.245","1.230","1.265","1.225","112,20K","1,22%"
"19/08/2021","1.230","1.250","1.250","1.225","194,00K","-1,60%"
"18/08/2021","1.250","1.250","1.300","1.240","180,50K","0,00%"
"16/08/2021","1.250","1.280","1.280","1.200","445,90K","-2,34%"
"13/08/2021","1.280","1.330","1.365","1.280","749,70K","-6,91%"
"12/08/2021","1.375","1.405","1.410","1.375","119,80K","-6,78%"
"10/08/2021","1.475","1.460","1.475","1.440","1,10M","1,03%"
"09/08/2021","1.460","1.510","1.520","1.450","1,11M","-2,99%"
"06/08/2021","1.505","1.510","1.525","1.480","520,40K","0,00%"
"05/08/2021","1.505","1.490","1.505","1.485","1,01M","2,38%"
"04/08/2021","1.470","1.510","1.510","1.450","333,20K","-1,67%"
"03/08/2021","1.495","1.450","1.500","1.445","556,10K","3,46%"
"02/08/2021","1.445","1.460","1.460","1.415","246,20K","1,76%"
"30/07/2021","1.420","1.450","1.455","1.420","98,90K","-1,39%"
"29/07/2021","1.440","1.465","1.465","1.415","377,10K","1,05%"
"28/07/2021","1.425","1.480","1.480","1.425","130,30K","-1,04%"
"27/07/2021","1.440","1.425","1.460","1.425","266,00K","1,41%"
"26/07/2021","1.420","1.460","1.460","1.415","117,20K","-1,39%"
"23/07/2021","1.440","1.425","1.450","1.370","233,10K","1,05%"
"22/07/2021","1.425","1.445","1.450","1.405","146,00K","1,42%"
"21/07/2021","1.405","1.440","1.450","1.405","50,60K","0,36%"
"19/07/2021","1.400","1.400","1.465","1.400","100,40K","0,00%"
"16/07/2021","1.400","1.360","1.425","1.360","324,40K","2,94%"
"15/07/2021","1.360","1.350","1.385","1.340","152,00K","0,74%"
"14/07/2021","1.350","1.400","1.400","1.335","203,90K","-3,57%"
"13/07/2021","1.400","1.415","1.430","1.395","79,10K","0,36%"
"12/07/2021","1.395","1.420","1.420","1.380","294,70K","-0,36%"
"09/07/2021","1.400","1.470","1.470","1.380","605,10K","-2,10%"
"08/07/2021","1.430","1.480","1.480","1.430","285,10K","-3,38%"
"07/07/2021","1.480","1.500","1.500","1.460","31,70K","-1,66%"
"06/07/2021","1.505","1.515","1.545","1.485","704,70K","-0,33%"
"05/07/2021","1.510","1.575","1.575","1.500","333,40K","-1,31%"
"02/07/2021","1.530","1.530","1.530","1.500","313,10K","1,32%"
"01/07/2021","1.510","1.495","1.525","1.460","421,50K","1,00%"
"30/06/2021","1.495","1.450","1.510","1.420","599,60K","3,82%"
"29/06/2021","1.440","1.470","1.470","1.420","548,70K","-0,69%"
"28/06/2021","1.450","1.500","1.500","1.410","480,20K","-3,33%"
"25/06/2021","1.500","1.550","1.550","1.495","469,80K","-0,33%"
"24/06/2021","1.505","1.490","1.505","1.435","777,00K","3,08%"
"23/06/2021","1.460","1.490","1.490","1.450","639,80K","0,69%"
"22/06/2021","1.450","1.480","1.520","1.405","906,10K","0,69%"
"21/06/2021","1.440","1.450","1.455","1.350","857,80K","-0,69%"
"18/06/2021","1.450","1.490","1.490","1.350","1,37M","0,00%"
"17/06/2021","1.450","1.410","1.470","1.410","1,15M","2,84%"
"16/06/2021","1.410","1.355","1.440","1.330","1,36M","4,44%"
"15/06/2021","1.350","1.320","1.350","1.290","1,21M","3,85%"
"14/06/2021","1.300","1.250","1.320","1.225","703,50K","4,42%"
"11/06/2021","1.245","1.220","1.245","1.215","98,20K","2,05%"
"10/06/2021","1.220","1.250","1.250","1.200","336,20K","-0,41%"
"09/06/2021","1.225","1.240","1.240","1.220","33,60K","0,41%"
"08/06/2021","1.220","1.220","1.225","1.215","154,20K","0,00%"
"07/06/2021","1.220","1.220","1.230","1.200","312,30K","0,41%"
"04/06/2021","1.215","1.225","1.225","1.205","233,70K","0,00%"
"03/06/2021","1.215","1.240","1.240","1.210","271,00K","0,00%"
"02/06/2021","1.215","1.230","1.235","1.195","71,30K","1,67%"
"31/05/2021","1.195","1.225","1.225","1.185","203,00K","-0,83%"
"28/05/2021","1.205","1.200","1.225","1.190","316,90K","1,26%"
"27/05/2021","1.190","1.185","1.190","1.180","63,40K","0,85%"
"25/05/2021","1.180","1.170","1.185","1.165","199,90K","0,00%"
"24/05/2021","1.180","1.190","1.190","1.150","485,80K","0,00%"
"21/05/2021","1.180","1.200","1.200","1.175","60,60K","0,43%"
"20/05/2021","1.175","1.210","1.210","1.170","203,80K","0,00%"
"19/05/2021","1.175","1.170","1.185","1.170","632,20K","-0,42%"
"18/05/2021","1.180","1.175","1.185","1.165","277,00K","0,43%"
"17/05/2021","1.175","1.175","1.185","1.160","349,20K","0,00%"
"11/05/2021","1.175","1.180","1.180","1.160","160,70K","-0,42%"
"10/05/2021","1.180","1.170","1.185","1.165","195,50K","1,72%"
"07/05/2021","1.160","1.165","1.170","1.155","82,00K","-0,85%"
"06/05/2021","1.170","1.175","1.175","1.150","171,20K","0,86%"
"05/05/2021","1.160","1.175","1.185","1.160","180,80K","-1,28%"
"04/05/2021","1.175","1.170","1.200","1.155","97,90K","0,43%"
"03/05/2021","1.170","1.175","1.175","1.150","266,10K","-0,43%"
"30/04/2021","1.175","1.180","1.180","1.170","157,50K","-0,42%"
"29/04/2021","1.180","1.190","1.190","1.170","193,90K","-1,26%"
"28/04/2021","1.195","1.200","1.200","1.180","134,60K","1,27%"
"27/04/2021","1.180","1.210","1.215","1.165","230,40K","-0,84%"
"26/04/2021","1.190","1.155","1.220","1.155","515,70K","2,15%"
"23/04/2021","1.165","1.155","1.165","1.155","122,70K","0,00%"
"22/04/2021","1.165","1.165","1.175","1.160","22,60K","0,00%"
"21/04/2021","1.165","1.155","1.175","1.150","206,70K","0,00%"
"20/04/2021","1.165","1.160","1.170","1.155","92,60K","0,43%"
"19/04/2021","1.160","1.195","1.195","1.155","78,20K","-0,43%"
"16/04/2021","1.165","1.170","1.175","1.150","224,70K","-0,43%"
"15/04/2021","1.170","1.170","1.180","1.160","56,70K","1,30%"
"14/04/2021","1.155","1.185","1.185","1.155","139,30K","0,00%"
"13/04/2021","1.155","1.170","1.170","1.150","154,50K","-1,28%"
"12/04/2021","1.170","1.210","1.210","1.160","187,40K","-2,50%"
"09/04/2021","1.200","1.210","1.210","1.195","57,90K","0,84%"
"08/04/2021","1.190","1.180","1.200","1.170","173,90K","0,85%"
"07/04/2021","1.180","1.200","1.200","1.170","179,10K","0,00%"
"06/04/2021","1.180","1.190","1.190","1.165","53,90K","1,72%"
"05/04/2021","1.160","1.165","1.180","1.155","126,10K","-0,43%"
"01/04/2021","1.165","1.180","1.185","1.160","216,40K","-0,85%"
"31/03/2021","1.175","1.210","1.210","1.160","344,10K","-2,89%"
"30/03/2021","1.210","1.225","1.235","1.180","226,00K","-0,41%"
"29/03/2021","1.215","1.270","1.270","1.200","299,60K","-1,62%"
"26/03/2021","1.235","1.255","1.270","1.210","133,50K","1,23%"
"25/03/2021","1.220","1.275","1.275","1.200","337,90K","-1,61%"
"24/03/2021","1.240","1.310","1.310","1.235","384,50K","-2,75%"
"23/03/2021","1.275","1.325","1.325","1.275","393,20K","-2,67%"
"22/03/2021","1.310","1.320","1.325","1.300","612,60K","0,77%"
"19/03/2021","1.300","1.250","1.320","1.250","1,03M","0,78%"
"18/03/2021","1.290","1.265","1.400","1.240","1,85M","4,03%"
"17/03/2021","1.240","1.250","1.255","1.230","65,00K","-0,80%"
"16/03/2021","1.250","1.255","1.275","1.230","123,00K","0,81%"
"15/03/2021","1.240","1.265","1.265","1.225","106,30K","0,81%"
"12/03/2021","1.230","1.220","1.250","1.215","160,20K","0,82%"
"10/03/2021","1.220","1.245","1.245","1.220","94,00K","-0,81%"
"09/03/2021","1.230","1.250","1.250","1.225","210,70K","0,00%"
"08/03/2021","1.230","1.270","1.270","1.220","118,10K","-0,40%"
"05/03/2021","1.235","1.250","1.255","1.230","70,70K","-1,20%"
"04/03/2021","1.250","1.245","1.265","1.225","150,50K","0,40%"
"03/03/2021","1.245","1.250","1.270","1.235","171,30K","-0,40%"
"02/03/2021","1.250","1.245","1.260","1.245","227,90K","0,40%"
"01/03/2021","1.245","1.235","1.265","1.235","162,30K","0,81%"
"26/02/2021","1.235","1.260","1.260","1.220","356,00K","-1,98%"
"25/02/2021","1.260","1.260","1.275","1.250","355,90K","0,40%"
"24/02/2021","1.255","1.270","1.275","1.250","239,10K","-0,79%"
"23/02/2021","1.265","1.265","1.285","1.250","360,60K","0,00%"
"22/02/2021","1.265","1.285","1.285","1.260","248,10K","-1,56%"
"19/02/2021","1.285","1.290","1.290","1.275","285,20K","-0,39%"
"18/02/2021","1.290","1.290","1.305","1.290","298,20K","-0,39%"
"17/02/2021","1.295","1.315","1.315","1.280","637,40K","-0,77%"
"16/02/2021","1.305","1.290","1.310","1.280","434,80K","1,95%"
"15/02/2021","1.280","1.280","1.290","1.260","582,60K","0,79%"
"11/02/2021","1.270","1.290","1.300","1.255","535,50K","1,20%"
"10/02/2021","1.255","1.310","1.310","1.245","535,90K","-1,57%"
"09/02/2021","1.275","1.320","1.330","1.275","627,50K","-2,67%"
"08/02/2021","1.310","1.300","1.320","1.295","446,60K","2,75%"
"05/02/2021","1.275","1.295","1.295","1.260","1,01M","1,19%"
"04/02/2021","1.260","1.320","1.330","1.225","811,00K","-0,79%"
"03/02/2021","1.270","1.300","1.300","1.230","410,00K","0,00%"
"02/02/2021","1.270","1.305","1.365","1.265","1,58M","0,00%"
"01/02/2021","1.270","1.110","1.350","1.075","1,95M","11,40%"
"29/01/2021","1.140","1.215","1.265","1.130","1,96M","-6,17%"
"28/01/2021","1.215","1.300","1.300","1.215","1,58M","-6,90%"
"27/01/2021","1.305","1.480","1.480","1.305","2,28M","-6,79%"
"26/01/2021","1.400","1.490","1.565","1.400","2,05M","-6,98%"
"25/01/2021","1.505","1.565","1.585","1.500","1,11M","-3,53%"
"22/01/2021","1.560","1.660","1.705","1.545","2,49M","-6,02%"
"21/01/2021","1.660","1.700","1.760","1.660","4,30M","0,00%"
"20/01/2021","1.660","1.725","1.760","1.620","9,55M","-4,60%"
"19/01/2021","1.740","1.750","1.840","1.620","17,26M","0,87%"
"18/01/2021","1.725","1.420","1.725","1.370","9,82M","21,48%"
"15/01/2021","1.420","1.500","1.500","1.400","1,30M","-3,07%"
"14/01/2021","1.465","1.520","1.530","1.450","1,47M","-2,33%"
"13/01/2021","1.500","1.495","1.530","1.465","1,25M","1,35%"
"12/01/2021","1.480","1.530","1.550","1.480","972,00K","-3,27%"
"11/01/2021","1.530","1.530","1.580","1.440","1,81M","-0,33%"
"08/01/2021","1.535","1.595","1.615","1.515","3,12M","-3,46%"
"07/01/2021","1.590","1.685","1.715","1.550","5,79M","-4,50%"
"06/01/2021","1.665","1.650","1.775","1.580","13,21M","3,74%"
"05/01/2021","1.605","1.500","1.630","1.495","6,88M","7,72%"
"04/01/2021","1.490","1.290","1.490","1.250","7,24M","15,95%"
"30/12/2020","1.285","1.045","1.300","1.010","15,40M","22,97%"
"29/12/2020","1.045","1.025","1.065","1.015","630,00K","1,95%"
"28/12/2020","1.025","995","1.070","995","270,20K","0,00%"
"23/12/2020","1.025","1.015","1.030","1.000","749,40K","-1,91%"
"22/12/2020","1.045","1.070","1.070","1.020","542,40K","-2,34%"
"21/12/2020","1.070","1.070","1.090","1.040","658,10K","0,47%"
"18/12/2020","1.065","990","1.070","990","1,19M","4,41%"
"17/12/2020","1.020","1.025","1.050","1.020","273,40K","-0,49%"
"16/12/2020","1.025","1.015","1.040","1.010","223,90K","1,49%"
"15/12/2020","1.010","990","1.020","990","245,00K","-0,98%"
"14/12/2020","1.020","1.025","1.040","1.000","328,30K","-0,49%"
"11/12/2020","1.025","995","1.045","985","709,70K","4,06%"
"10/12/2020","985","1.000","1.000","980","238,70K","0,00%"
"08/12/2020","985","1.000","1.010","980","368,30K","0,51%"
"07/12/2020","980","975","1.010","955","832,40K","3,16%"
"04/12/2020","950","980","985","940","559,70K","-3,06%"
"03/12/2020","980","960","1.000","960","179,00K","0,00%"
"02/12/2020","980","975","1.000","945","274,20K","0,51%"
"01/12/2020","975","955","995","950","277,20K","3,17%"
"30/11/2020","945","1.005","1.005","930","1,12M","-5,50%"
"27/11/2020","1.000","1.000","1.005","995","209,60K","0,50%"
"26/11/2020","995","975","1.010","975","174,80K","2,05%"
"25/11/2020","975","990","1.035","960","1,52M","-0,51%"
"24/11/2020","980","900","990","900","713,80K","8,29%"
"23/11/2020","905","875","915","875","728,60K","4,62%"
"20/11/2020","865","845","880","840","469,40K","2,37%"
"19/11/2020","845","825","865","825","629,70K","-1,17%"
"18/11/2020","855","845","865","840","300,30K","1,79%"
"17/11/2020","840","815","840","815","468,30K","3,70%"
"16/11/2020","810","805","815","800","492,30K","1,25%"
"13/11/2020","800","810","810","800","322,00K","-1,23%"
"12/11/2020","810","815","820","810","294,10K","-0,61%"
"11/11/2020","815","810","815","810","199,30K","0,00%"
"10/11/2020","815","810","845","805","455,50K","1,24%"
"09/11/2020","805","810","815","800","386,80K","-0,62%"
"06/11/2020","810","805","810","795","80,00K","1,25%"
"05/11/2020","800","805","805","800","94,60K","0,63%"
"04/11/2020","795","810","810","795","50,60K","-1,85%"
"03/11/2020","810","795","810","795","197,10K","1,89%"
"02/11/2020","795","790","800","785","39,10K","-0,63%"
"27/10/2020","800","805","805","785","252,40K","-0,62%"
"26/10/2020","805","805","810","800","108,40K","0,00%"
"23/10/2020","805","805","815","800","81,10K","0,63%"
"22/10/2020","800","805","810","800","57,50K","-0,62%"
"21/10/2020","805","810","815","800","43,70K","-0,62%"
"20/10/2020","810","805","810","800","89,30K","0,62%"
"19/10/2020","805","805","810","795","38,50K","0,00%"
"16/10/2020","805","800","805","795","80,30K","0,00%"
"15/10/2020","805","810","810","800","100,80K","-0,62%"
"14/10/2020","810","805","815","795","95,60K","0,62%"
"13/10/2020","805","800","805","795","54,80K","0,63%"
"12/10/2020","800","805","810","790","117,00K","0,00%"
"09/10/2020","800","810","810","795","162,90K","-1,23%"
"08/10/2020","810","810","825","805","247,20K","0,62%"
"07/10/2020","805","810","820","800","92,20K","-0,62%"
"06/10/2020","810","765","830","765","434,10K","5,88%"
"05/10/2020","765","765","775","765","44,20K","0,00%"
"02/10/2020","765","770","780","765","92,20K","-1,29%"
"01/10/2020","775","770","775","760","39,40K","1,97%"
"30/09/2020","760","755","760","755","85,20K","-0,65%"
"29/09/2020","765","760","770","755","32,10K","0,66%"
"28/09/2020","760","770","775","750","100,00K","-0,65%"
"25/09/2020","765","770","770","760","75,10K","2,00%"
"24/09/2020","750","775","790","750","209,20K","-3,23%"
"23/09/2020","775","790","790","775","118,50K","-1,90%"
"22/09/2020","790","790","790","775","67,60K","-0,63%"
"21/09/2020","795","790","800","770","740,90K","0,63%"
"18/09/2020","790","760","795","755","41,30K","3,27%"
"17/09/2020","765","780","800","765","253,60K","-3,16%"
"16/09/2020","790","820","820","790","150,00K","-2,47%"
"15/09/2020","810","820","840","790","493,70K","-0,61%"
"14/09/2020","815","795","820","795","344,10K","1,24%"
"11/09/2020","805","720","820","720","405,60K","8,05%"
"10/09/2020","745","800","800","745","1,32M","-6,88%"
"09/09/2020","800","820","825","795","363,20K","-2,44%"
"08/09/2020","820","830","835","810","530,00K","-1,20%"
"07/09/2020","830","850","850","820","221,60K","-0,60%"
"04/09/2020","835","830","840","820","54,20K","0,00%"
"03/09/2020","835","840","845","835","98,80K","-0,60%"
"02/09/2020","840","850","850","840","160,00K","0,00%"
"01/09/2020","840","825","850","820","550,40K","1,82%"
"31/08/2020","825","860","865","825","292,90K","-2,94%"
"28/08/2020","850","845","870","845","177,70K","0,59%"
"27/08/2020","845","850","850","845","147,60K","-0,59%"
"26/08/2020","850","845","855","845","175,60K","1,19%"
"25/08/2020","840","840","845","840","273,30K","0,60%"
"24/08/2020","835","840","845","830","579,40K","0,00%"
"19/08/2020","835","840","840","830","490,40K","0,60%"
"18/08/2020","830","825","840","825","316,10K","0,61%"
"14/08/2020","825","830","850","820","561,70K","0,61%"
"13/08/2020","820","805","825","800","1,04M","1,86%"
"12/08/2020","805","810","820","800","253,80K","0,00%"
"11/08/2020","805","800","820","800","192,80K","0,00%"
"10/08/2020","805","820","820","785","238,80K","-1,83%"
"07/08/2020","820","815","825","810","127,70K","0,61%"
"06/08/2020","815","805","825","805","288,50K","0,62%"
"05/08/2020","810","805","810","790","656,90K","0,62%"
"04/08/2020","805","780","815","770","230,20K","3,21%"
"03/08/2020","780","805","815","760","728,40K","-3,11%"
"30/07/2020","805","810","810","800","272,30K","-0,62%"
"29/07/2020","810","815","820","805","279,70K","-0,61%"
"28/07/2020","815","835","835","815","491,50K","-2,40%"
"27/07/2020","835","845","845","830","235,50K","-1,18%"
"24/07/2020","845","840","850","830","456,70K","0,00%"
"23/07/2020","845","855","860","845","517,00K","-1,17%"
"22/07/2020","855","860","865","850","354,10K","0,00%"
"21/07/2020","855","860","870","845","660,00K","-0,58%"
"20/07/2020","860","865","875","855","326,20K","-0,58%"
"17/07/2020","865","875","880","865","319,10K","-1,14%"
"16/07/2020","875","875","875","865","680,90K","0,00%"
"15/07/2020","875","875","885","865","422,90K","0,57%"
"14/07/2020","870","880","890","865","389,30K","-1,14%"
"13/07/2020","880","865","900","840","1,35M","1,73%"
"10/07/2020","865","870","910","865","2,51M","-6,99%"
"09/07/2020","930","930","930","930","360,80K","-6,53%"
"08/07/2020","995","995","995","995","344,20K","-6,57%"
"07/07/2020","1.065","1.115","1.130","1.045","9,34M","-4,05%"
"06/07/2020","1.110","1.135","1.135","1.085","5,15M","0,45%"
"03/07/2020","1.105","1.140","1.160","1.090","4,82M","-2,21%"
"02/07/2020","1.130","1.020","1.190","1.020","5,07M","13,00%"
"01/07/2020","1.000","1.050","1.050","975","813,40K","-1,48%"
"30/06/2020","1.015","960","1.020","960","1,77M","8,56%"
"29/06/2020","935","1.000","1.010","910","914,00K","-4,10%"
"26/06/2020","975","890","1.035","890","576,80K","8,33%"
"25/06/2020","900","890","910","890","124,80K","-0,55%"
"24/06/2020","905","910","910","890","61,50K","1,12%"
"23/06/2020","895","895","905","895","131,20K","0,00%"
"22/06/2020","895","930","930","895","62,80K","-1,10%"
"19/06/2020","905","910","920","905","42,10K","-0,55%"
"18/06/2020","910","920","920","900","19,50K","-0,55%"
"17/06/2020","915","910","930","900","154,60K","1,67%"
"16/06/2020","900","905","905","875","110,70K","3,45%"
"15/06/2020","870","830","895","830","104,00K","1,75%"
"12/06/2020","855","890","890","805","16,00K","-1,16%"
"11/06/2020","865","820","895","820","94,60K","-1,14%"
"10/06/2020","875","940","940","850","210,50K","-3,85%"
"09/06/2020","910","910","950","865","213,90K","2,82%"
"08/06/2020","885","830","900","810","724,90K","9,94%"
"05/06/2020","805","790","810","785","165,40K","2,55%"
"04/06/2020","785","810","825","765","570,20K","-1,88%"
"03/06/2020","800","865","865","800","1,33M","-6,43%"
"02/06/2020","855","765","895","765","468,20K","14,77%"
"29/05/2020","745","760","760","745","1,05M","0,00%"
"28/05/2020","745","760","760","740","520,00K","0,68%"
"27/05/2020","740","740","740","735","1,37M","0,00%"
"26/05/2020","740","740","750","740","80,10K","0,00%"
"20/05/2020","740","750","750","725","47,90K","0,68%"
"19/05/2020","735","750","750","720","261,40K","0,68%"
"18/05/2020","730","750","750","730","9,00K","0,00%"
"15/05/2020","730","745","745","715","41,70K","0,69%"
"14/05/2020","725","755","755","720","6,20K","-1,36%"
"13/05/2020","735","745","745","720","28,50K","2,08%"
"12/05/2020","720","770","770","720","623,80K","-3,36%"
"11/05/2020","745","775","775","735","3,62M","-1,32%"
"08/05/2020","755","730","755","705","1,70M","4,86%"
"06/05/2020","720","720","720","690","2,21M","2,86%"
"05/05/2020","700","720","720","695","726,10K","0,00%"
"04/05/2020","700","735","735","700","1,57M","-2,10%"
"30/04/2020","715","720","730","700","8,93M","0,70%"
"29/04/2020","710","670","730","670","3,84M","5,97%"
"28/04/2020","670","670","695","660","1,05M","0,00%"
"27/04/2020","670","670","700","670","1,03M","0,00%"
"24/04/2020","670","710","745","665","619,20K","-5,63%"
"23/04/2020","710","745","760","705","76,10K","-3,40%"
"22/04/2020","735","790","790","735","1,26M","-6,37%"
"21/04/2020","785","870","870","785","475,10K","-6,55%"
"20/04/2020","840","850","855","840","11,00K","1,82%"
"17/04/2020","825","800","880","800","114,40K","3,13%"
"16/04/2020","800","870","870","785","137,70K","-4,76%"
"15/04/2020","840","900","900","840","177,10K","-6,67%"
"14/04/2020","900","900","930","870","127,60K","0,00%"
"13/04/2020","900","905","905","845","62,00K","-0,55%"
"09/04/2020","905","940","940","885","4,60K","-2,69%"
"08/04/2020","930","1.000","1.000","930","115,40K","-7,00%"
"07/04/2020","1.000","1.045","1.045","955","20,00K","5,82%"
"06/04/2020","945","955","995","920","47,40K","5,00%"
"03/04/2020","900","800","930","800","5,70K","14,65%"
"02/04/2020","785","745","790","745","3,80K","3,29%"
"01/04/2020","760","790","800","760","1,70K","2,70%"
"31/03/2020","740","705","825","705","27,60K","-0,67%"
"30/03/2020","745","750","750","745","62,80K","-6,88%"
"27/03/2020","800","800","800","750","258,30K","0,00%"
"26/03/2020","800","715","800","715","70,90K","19,40%"
"24/03/2020","670","670","780","650","22,70K","0,00%"
"23/03/2020","670","720","720","670","63,00K","-6,94%"
"20/03/2020","720","625","720","625","26,70K","12,50%"
"19/03/2020","640","645","680","640","163,20K","-6,57%"
"18/03/2020","685","735","735","685","420,60K","-6,80%"
"17/03/2020","735","785","785","735","173,50K","-6,37%"
"16/03/2020","785","850","850","785","118,30K","-6,55%"
"13/03/2020","840","870","890","830","57,50K","-5,62%"
"12/03/2020","890","940","940","890","170,50K","-7,29%"
"11/03/2020","960","1.100","1.100","955","130,80K","-2,04%"
"10/03/2020","980","965","995","965","77,40K","2,62%"
"09/03/2020","955","1.090","1.105","925","63,00K","-12,39%"
"06/03/2020","1.090","980","1.095","955","158,00K","9,00%"
"05/03/2020","1.000","1.060","1.180","1.000","5,00K","0,00%"
"04/03/2020","1.000","960","1.030","955","446,60K","2,56%"
"03/03/2020","975","925","1.100","925","12,20K","2,63%"
"02/03/2020","950","960","1.000","905","287,50K","-5,00%"
"28/02/2020","1.000","1.010","1.045","980","152,50K","-1,96%"
"27/02/2020","1.020","1.110","1.110","1.015","100,70K","-10,92%"
"26/02/2020","1.145","1.100","1.185","950","3,20K","4,09%"
"25/02/2020","1.100","1.150","1.155","1.100","124,60K","-4,76%"
"24/02/2020","1.155","1.185","1.200","1.150","103,00K","-0,43%"
"21/02/2020","1.160","1.170","1.295","1.150","212,30K","-3,73%"
"20/02/2020","1.205","1.195","1.250","1.195","194,50K","-2,03%"
"19/02/2020","1.230","1.210","1.250","1.210","17,70K","-1,20%"
"18/02/2020","1.245","1.220","1.260","1.215","528,50K","-0,80%"
"17/02/2020","1.255","1.280","1.290","1.215","49,40K","-4,20%"
"14/02/2020","1.310","1.325","1.325","1.280","4,40K","2,34%"
"13/02/2020","1.280","1.280","1.325","1.280","0,30K","0,00%"
"11/02/2020","1.280","1.280","1.280","1.280","0,50K","0,00%"
"10/02/2020","1.280","1.290","1.350","1.280","14,20K","-1,54%"
"07/02/2020","1.300","1.300","1.300","1.300","1,40K","0,00%"
"06/02/2020","1.300","1.300","1.300","1.250","19,60K","-0,76%"
"05/02/2020","1.310","1.295","1.375","1.295","128,60K","1,16%"
"04/02/2020","1.295","1.260","1.295","1.260","4,50K","5,28%"
"03/02/2020","1.230","1.230","1.250","1.230","4,30K","-0,81%"
"31/01/2020","1.240","1.200","1.270","1.200","2,30K","0,40%"
"30/01/2020","1.235","1.350","1.350","1.185","107,90K","-6,79%"
"29/01/2020","1.325","1.380","1.380","1.320","4,80K","0,38%"
"28/01/2020","1.320","1.320","1.320","1.300","92,10K","0,00%"
"27/01/2020","1.320","1.380","1.380","1.310","39,40K","-1,49%"
"24/01/2020","1.340","1.350","1.350","1.320","14,30K","-3,25%"
"23/01/2020","1.385","1.340","1.385","1.340","1,30K","4,92%"
"22/01/2020","1.320","1.360","1.390","1.320","341,80K","-2,58%"
"21/01/2020","1.355","1.360","1.360","1.350","55,30K","-0,37%"
"20/01/2020","1.360","1.310","1.395","1.310","121,40K","0,74%"